id;source_type;source_id;source_location_id;source_region_id;address_region_id;region_id;parent_source_id;parent_location_id;name;slug;is_direct_city;is_city;aoguid;okato;sort_order;is_active;raw_data;created_at;updated_at
1;regions;77;77;77;77;13;"";"";Москва;moskva;1;1;"";"";0;1;"{""synthetic_direct_city_from_slug_mapping"":true,""mapping_id"":96,""source_slug"":""moskva"",""target_slug"":""moskva"",""location_name"":""Москва"",""source_region_id"":77,""shared_region_id"":13}";2026-07-01 16:19:33;2026-07-14 17:00:11
2;regions;78;78;78;78;14;"";"";Санкт-Петербург;sankt-peterburg;1;1;"";"";0;1;"{""synthetic_direct_city_from_slug_mapping"":true,""mapping_id"":97,""source_slug"":""sankt-peterburg"",""target_slug"":""sankt-peterburg"",""location_name"":""Санкт-Петербург"",""source_region_id"":78,""shared_region_id"":14}";2026-07-01 16:19:33;2026-07-14 17:00:11
3;regions;80401;80401;80401;80401;1;2;"";Уфа;ufa;1;1;7339e834-2cb4-4734-a4c7-1fca2c66e562;"";0;1;"{""id"":80401,""parent_id"":2,""name"":""Уфа"",""url"":""ufa"",""AOGUID"":""7339e834-2cb4-4734-a4c7-1fca2c66e562"",""bigcity"":1,""global_region_id"":7}";2026-07-01 16:19:33;2026-07-14 16:59:57
4;regions;92401;92401;92401;92401;2;16;"";Казань;kazan;1;1;93b3df57-4c89-44df-ac42-96f05e9cd3b9;"";0;1;"{""id"":92401,""parent_id"":16,""name"":""Казань"",""url"":""kazan"",""AOGUID"":""93b3df57-4c89-44df-ac42-96f05e9cd3b9"",""bigcity"":1,""global_region_id"":7}";2026-07-01 16:19:33;2026-07-14 16:59:57
5;regions;18401;18401;18401;18401;3;34;"";Волгоград;volgograd;1;1;a52b7389-0cfe-46fb-ae15-298652a64cf8;"";0;1;"{""id"":18401,""parent_id"":34,""name"":""Волгоград"",""url"":""volgograd"",""AOGUID"":""a52b7389-0cfe-46fb-ae15-298652a64cf8"",""bigcity"":1,""global_region_id"":2}";2026-07-01 16:19:33;2026-07-14 16:59:57
6;regions;195;195;195;195;4;47;"";Колпино;kolpino;1;1;1e11a121-81c4-4b66-b11c-da8f47db2e1d;"";0;1;"{""id"":195,""parent_id"":47,""name"":""Колпино"",""url"":""kolpino"",""AOGUID"":""1e11a121-81c4-4b66-b11c-da8f47db2e1d"",""bigcity"":1,""global_region_id"":5}";2026-07-01 16:19:33;2026-07-14 16:59:57
7;regions;194;194;194;194;5;50;"";Балашиха;balashiha;1;1;27c5bc66-61bf-4a17-b0cd-ca0eb64192d6;"";0;1;"{""id"":194,""parent_id"":50,""name"":""Балашиха"",""url"":""balashiha"",""AOGUID"":""27c5bc66-61bf-4a17-b0cd-ca0eb64192d6"",""bigcity"":1,""global_region_id"":1}";2026-07-01 16:19:33;2026-07-14 16:59:57
8;regions;22401;22401;22401;22401;6;52;"";Нижний Новгород;nizhniy-novgorod;1;1;555e7d61-d9a7-4ba6-9770-6caa8198c483;"";0;1;"{""id"":22401,""parent_id"":52,""name"":""Нижний Новгород"",""url"":""nizhniy-novgorod"",""AOGUID"":""555e7d61-d9a7-4ba6-9770-6caa8198c483"",""bigcity"":1,""global_region_id"":7}";2026-07-01 16:19:33;2026-07-14 16:59:57
9;regions;50401;50401;50401;50401;7;54;"";Новосибирск;novosibirsk;1;1;8dea00e3-9aab-4d8e-887c-ef2aaa546456;"";0;1;"{""id"":50401,""parent_id"":54,""name"":""Новосибирск"",""url"":""novosibirsk"",""AOGUID"":""8dea00e3-9aab-4d8e-887c-ef2aaa546456"",""bigcity"":1,""global_region_id"":4}";2026-07-01 16:19:33;2026-07-14 16:59:57
10;regions;52401;52401;52401;52401;8;55;"";Омск;omsk;1;1;140e31da-27bf-4519-9ea0-6185d681d44e;"";0;1;"{""id"":52401,""parent_id"":55,""name"":""Омск"",""url"":""omsk"",""AOGUID"":""140e31da-27bf-4519-9ea0-6185d681d44e"",""bigcity"":1,""global_region_id"":4}";2026-07-01 16:19:33;2026-07-14 16:59:57
11;regions;60401;60401;60401;60401;9;61;"";Ростов-на-Дону;rostov-na-donu;1;1;c1cfe4b9-f7c2-423c-abfa-6ed1c05a15c5;"";0;1;"{""id"":60401,""parent_id"":61,""name"":""Ростов-на-Дону"",""url"":""rostov-na-donu"",""AOGUID"":""c1cfe4b9-f7c2-423c-abfa-6ed1c05a15c5"",""bigcity"":1,""global_region_id"":2}";2026-07-01 16:19:33;2026-07-14 16:59:57
12;regions;36401;36401;36401;36401;10;63;"";Самара;samara;1;1;bb035cc3-1dc2-4627-9d25-a1bf2d4b936b;"";0;1;"{""id"":36401,""parent_id"":63,""name"":""Самара"",""url"":""samara"",""AOGUID"":""bb035cc3-1dc2-4627-9d25-a1bf2d4b936b"",""bigcity"":1,""global_region_id"":7}";2026-07-01 16:19:33;2026-07-14 16:59:57
13;regions;65401;65401;65401;65401;11;66;"";Екатеринбург;ekaterinburg;1;1;2763c110-cb8b-416a-9dac-ad28a55b4402;"";0;1;"{""id"":65401,""parent_id"":66,""name"":""Екатеринбург"",""url"":""ekaterinburg"",""AOGUID"":""2763c110-cb8b-416a-9dac-ad28a55b4402"",""bigcity"":1,""global_region_id"":3}";2026-07-01 16:19:33;2026-07-14 16:59:57
14;regions;75401;75401;75401;75401;12;74;"";Челябинск;chelyabinsk;1;1;a376e68d-724a-4472-be7c-891bdb09ae32;"";0;1;"{""id"":75401,""parent_id"":74,""name"":""Челябинск"",""url"":""chelyabinsk"",""AOGUID"":""a376e68d-724a-4472-be7c-891bdb09ae32"",""bigcity"":1,""global_region_id"":3}";2026-07-01 16:19:33;2026-07-14 16:59:57
15;regions;1;1;1;1;25;101;"";Майкоп;majikop;1;1;8cfbe842-e803-49ca-9347-1ef90481dd98;"";0;1;"{""id"":1,""parent_id"":101,""name"":""Майкоп"",""url"":""majkop"",""AOGUID"":""8cfbe842-e803-49ca-9347-1ef90481dd98"",""bigcity"":1,""global_region_id"":2}";2026-07-01 16:19:33;2026-07-14 16:59:58
16;regions;3;3;3;3;26;103;"";Улан-Удэ;ulan-ude;1;1;9fdcc25f-a3d0-4f28-8b61-40648d099065;"";0;1;"{""id"":3,""parent_id"":103,""name"":""Улан-Удэ"",""url"":""ulan-ude"",""AOGUID"":""9fdcc25f-a3d0-4f28-8b61-40648d099065"",""bigcity"":1,""global_region_id"":4}";2026-07-01 16:19:33;2026-07-14 16:59:58
17;regions;4;4;4;4;27;104;"";Горно-Алтайск;gorno-altaysk;1;1;"0839d751-b940-4d3d-afb6-5df03fdd7791";"";0;1;"{""id"":4,""parent_id"":104,""name"":""Горно-Алтайск"",""url"":""gorno-altajsk"",""AOGUID"":""0839d751-b940-4d3d-afb6-5df03fdd7791"",""bigcity"":1,""global_region_id"":4}";2026-07-01 16:19:33;2026-07-14 16:59:58
18;regions;5;5;5;5;28;105;"";Махачкала;makhachkala;1;1;727cdf1e-1b70-4e07-8995-9bf7ca9abefb;"";0;1;"{""id"":5,""parent_id"":105,""name"":""Махачкала"",""url"":""mahachkala"",""AOGUID"":""727cdf1e-1b70-4e07-8995-9bf7ca9abefb"",""bigcity"":1,""global_region_id"":5}";2026-07-01 16:19:33;2026-07-14 16:59:58
19;regions;6;6;6;6;29;106;"";Магас;magas;1;1;c801edb4-aba2-4e1d-9ab2-69fcbf0aeb9c;"";0;1;"{""id"":6,""parent_id"":106,""name"":""Магас"",""url"":""magas"",""AOGUID"":""c801edb4-aba2-4e1d-9ab2-69fcbf0aeb9c"",""bigcity"":1,""global_region_id"":5}";2026-07-01 16:19:33;2026-07-14 16:59:58
20;regions;7;7;7;7;30;107;"";Нальчик;nalchik;1;1;913a82e3-b671-43d5-97b4-8a08b8ee2d28;"";0;1;"{""id"":7,""parent_id"":107,""name"":""Нальчик"",""url"":""nalchik"",""AOGUID"":""913a82e3-b671-43d5-97b4-8a08b8ee2d28"",""bigcity"":1,""global_region_id"":5}";2026-07-01 16:19:33;2026-07-14 16:59:58
21;regions;8;8;8;8;31;108;"";Элиста;elista;1;1;d5bd18b9-22c1-48e2-9b4a-3b7a4c89a3cb;"";0;1;"{""id"":8,""parent_id"":108,""name"":""Элиста"",""url"":""elista"",""AOGUID"":""d5bd18b9-22c1-48e2-9b4a-3b7a4c89a3cb"",""bigcity"":1,""global_region_id"":2}";2026-07-01 16:19:33;2026-07-14 16:59:58
22;regions;9;9;9;9;32;109;"";Черкесск;cherkessk;1;1;2a4a7c93-f3f8-4042-8cbf-e04ab64f5e08;"";0;1;"{""id"":9,""parent_id"":109,""name"":""Черкесск"",""url"":""cherkessk"",""AOGUID"":""2a4a7c93-f3f8-4042-8cbf-e04ab64f5e08"",""bigcity"":1,""global_region_id"":5}";2026-07-01 16:19:33;2026-07-14 16:59:58
23;regions;10;10;10;10;33;110;"";Петрозаводск;petrozavodsk;1;1;ccc34487-8fd4-4e71-b032-f4e6c82fb354;"";0;1;"{""id"":10,""parent_id"":110,""name"":""Петрозаводск"",""url"":""petrozavodsk"",""AOGUID"":""ccc34487-8fd4-4e71-b032-f4e6c82fb354"",""bigcity"":1,""global_region_id"":6}";2026-07-01 16:19:33;2026-07-14 16:59:58
24;regions;11;11;11;11;34;111;"";Сыктывкар;syktyvkar;1;1;d2944a73-daf4-4a08-9b34-d9b0af7785a1;"";0;1;"{""id"":11,""parent_id"":111,""name"":""Сыктывкар"",""url"":""syktyvkar"",""AOGUID"":""d2944a73-daf4-4a08-9b34-d9b0af7785a1"",""bigcity"":1,""global_region_id"":6}";2026-07-01 16:19:33;2026-07-14 16:59:58
25;regions;12;12;12;12;35;112;"";Йошкар-Ола;joshkar-ola;1;1;"0648e41c-a09b-4eac-91cd-8cf61b9ccb7b";"";0;1;"{""id"":12,""parent_id"":112,""name"":""Йошкар-Ола"",""url"":""joshkar-ola"",""AOGUID"":""0648e41c-a09b-4eac-91cd-8cf61b9ccb7b"",""bigcity"":1,""global_region_id"":7}";2026-07-01 16:19:33;2026-07-14 16:59:58
26;regions;13;13;13;13;36;113;"";Саранск;saransk;1;1;1ccfdc3c-be0f-4e42-ab4d-98f90de972d9;"";0;1;"{""id"":13,""parent_id"":113,""name"":""Саранск"",""url"":""saransk"",""AOGUID"":""1ccfdc3c-be0f-4e42-ab4d-98f90de972d9"",""bigcity"":1,""global_region_id"":7}";2026-07-01 16:19:33;2026-07-14 16:59:58
27;regions;14;14;14;14;37;114;"";Якутск;yakutsk;1;1;884c84a2-0141-4652-962d-8a92989b88f7;"";0;1;"{""id"":14,""parent_id"":114,""name"":""Якутск"",""url"":""yakutsk"",""AOGUID"":""884c84a2-0141-4652-962d-8a92989b88f7"",""bigcity"":1,""global_region_id"":8}";2026-07-01 16:19:33;2026-07-14 16:59:58
28;regions;15;15;15;15;38;115;"";Владикавказ;vladikavkaz;1;1;20ea2341-4f49-4c5c-a9dc-a54688c8cc61;"";0;1;"{""id"":15,""parent_id"":115,""name"":""Владикавказ"",""url"":""vladikavkaz"",""AOGUID"":""20ea2341-4f49-4c5c-a9dc-a54688c8cc61"",""bigcity"":1,""global_region_id"":5}";2026-07-01 16:19:33;2026-07-14 16:59:58
29;regions;17;17;17;17;39;117;"";Кызыл;kyzyl;1;1;8df8c56f-a46e-438f-a85b-a9b18ad4fc77;"";0;1;"{""id"":17,""parent_id"":117,""name"":""Кызыл"",""url"":""kyzyl"",""AOGUID"":""8df8c56f-a46e-438f-a85b-a9b18ad4fc77"",""bigcity"":1,""global_region_id"":4}";2026-07-01 16:19:33;2026-07-14 16:59:58
30;regions;18;18;18;18;40;118;"";Ижевск;izhevsk;1;1;deb1d05a-71ce-40d1-b726-6ba85d70d58f;"";0;1;"{""id"":18,""parent_id"":118,""name"":""Ижевск"",""url"":""izhevsk"",""AOGUID"":""deb1d05a-71ce-40d1-b726-6ba85d70d58f"",""bigcity"":1,""global_region_id"":7}";2026-07-01 16:19:33;2026-07-14 16:59:58
31;regions;19;19;19;19;41;119;"";Абакан;abakan;1;1;42a02e11-a337-4d50-8596-fc76dae7c62a;"";0;1;"{""id"":19,""parent_id"":119,""name"":""Абакан"",""url"":""abakan"",""AOGUID"":""42a02e11-a337-4d50-8596-fc76dae7c62a"",""bigcity"":1,""global_region_id"":4}";2026-07-01 16:19:33;2026-07-14 16:59:58
32;regions;20;20;20;20;42;120;"";Грозный;groznyy;1;1;a2072dc5-45be-4db3-ab13-10784ba8b2ae;"";0;1;"{""id"":20,""parent_id"":120,""name"":""Грозный"",""url"":"""",""AOGUID"":""a2072dc5-45be-4db3-ab13-10784ba8b2ae"",""bigcity"":1,""global_region_id"":5}";2026-07-01 16:19:33;2026-07-14 16:59:58
33;regions;21;21;21;21;43;121;"";Чебоксары;cheboksary;1;1;dd8caeab-c685-4f2a-bf5f-550aca1bbc48;"";0;1;"{""id"":21,""parent_id"":121,""name"":""Чебоксары"",""url"":""cheboksary"",""AOGUID"":""dd8caeab-c685-4f2a-bf5f-550aca1bbc48"",""bigcity"":1,""global_region_id"":7}";2026-07-01 16:19:33;2026-07-14 16:59:58
34;regions;22;22;22;22;44;122;"";Барнаул;barnaul;1;1;d13945a8-7017-46ab-b1e6-ede1e89317ad;"";0;1;"{""id"":22,""parent_id"":122,""name"":""Барнаул"",""url"":""barnaul"",""AOGUID"":""d13945a8-7017-46ab-b1e6-ede1e89317ad"",""bigcity"":1,""global_region_id"":4}";2026-07-01 16:19:33;2026-07-14 16:59:58
35;regions;23;23;23;23;45;123;"";Краснодар;krasnodar;1;1;7dfa745e-aa19-4688-b121-b655c11e482f;"";0;1;"{""id"":23,""parent_id"":123,""name"":""Краснодар"",""url"":""krasnodar"",""AOGUID"":""7dfa745e-aa19-4688-b121-b655c11e482f"",""bigcity"":1,""global_region_id"":2}";2026-07-01 16:19:33;2026-07-14 16:59:58
36;regions;193;193;193;193;45;123;"";Сочи;sochi;1;1;79da737a-603b-4c19-9b54-9114c96fb912;"";0;1;"{""id"":193,""parent_id"":123,""name"":""Сочи"",""url"":""sochi"",""AOGUID"":""79da737a-603b-4c19-9b54-9114c96fb912"",""bigcity"":1,""global_region_id"":2}";2026-07-01 16:19:33;2026-07-14 16:59:58
37;regions;24;24;24;24;46;124;"";Красноярск;krasnoyarsk;1;1;9b968c73-f4d4-4012-8da8-3dacd4d4c1bd;"";0;1;"{""id"":24,""parent_id"":124,""name"":""Красноярск"",""url"":""krasnoyarsk"",""AOGUID"":""9b968c73-f4d4-4012-8da8-3dacd4d4c1bd"",""bigcity"":1,""global_region_id"":4}";2026-07-01 16:19:33;2026-07-14 16:59:58
38;regions;25;25;25;25;47;125;"";Владивосток;vladivostok;1;1;7b6de6a5-86d0-4735-b11a-499081111af8;"";0;1;"{""id"":25,""parent_id"":125,""name"":""Владивосток"",""url"":""vladivostok"",""AOGUID"":""7b6de6a5-86d0-4735-b11a-499081111af8"",""bigcity"":1,""global_region_id"":8}";2026-07-01 16:19:33;2026-07-14 16:59:58
39;regions;26;26;26;26;48;126;"";Ставрополь;stavropol;1;1;2a1c7bdb-05ea-492f-9e1c-b3999f79dcbc;"";0;1;"{""id"":26,""parent_id"":126,""name"":""Ставрополь"",""url"":""stavropol"",""AOGUID"":""2a1c7bdb-05ea-492f-9e1c-b3999f79dcbc"",""bigcity"":1,""global_region_id"":5}";2026-07-01 16:19:33;2026-07-14 16:59:58
40;regions;27;27;27;27;49;127;"";Хабаровск;habarovsk;1;1;a4859da8-9977-4b62-8436-4e1b98c5d13f;"";0;1;"{""id"":27,""parent_id"":127,""name"":""Хабаровск"",""url"":""habarovsk"",""AOGUID"":""a4859da8-9977-4b62-8436-4e1b98c5d13f"",""bigcity"":1,""global_region_id"":8}";2026-07-01 16:19:33;2026-07-14 16:59:58
41;regions;28;28;28;28;50;128;"";Благовещенск;amurskaya_obl_blagoveshchensk;1;1;8f41253d-6e3b-48a9-842a-25ba894bd093;"";0;1;"{""id"":28,""parent_id"":128,""name"":""Благовещенск"",""url"":""blagoveshchensk"",""AOGUID"":""8f41253d-6e3b-48a9-842a-25ba894bd093"",""bigcity"":1,""global_region_id"":8}";2026-07-01 16:19:33;2026-07-14 16:59:58
42;regions;29;29;29;29;51;129;"";Архангельск;arkhangelsk;1;1;"06814fb6-0dc3-4bec-ba20-11f894a0faf5";"";0;1;"{""id"":29,""parent_id"":129,""name"":""Архангельск"",""url"":""arkhangelsk"",""AOGUID"":""06814fb6-0dc3-4bec-ba20-11f894a0faf5"",""bigcity"":1,""global_region_id"":6}";2026-07-01 16:19:33;2026-07-14 16:59:58
43;regions;30;30;30;30;52;130;"";Астрахань;astrahan;1;1;a101dd8b-3aee-4bda-9c61-9df106f145ff;"";0;1;"{""id"":30,""parent_id"":130,""name"":""Астрахань"",""url"":""astrakhan"",""AOGUID"":""a101dd8b-3aee-4bda-9c61-9df106f145ff"",""bigcity"":1,""global_region_id"":2}";2026-07-01 16:19:33;2026-07-14 16:59:58
44;regions;31;31;31;31;53;131;"";Белгород;belgorod;1;1;"02e9c019-ab4d-4fa0-928e-d6c0a41dc256";"";0;1;"{""id"":31,""parent_id"":131,""name"":""Белгород"",""url"":""belgorod"",""AOGUID"":""02e9c019-ab4d-4fa0-928e-d6c0a41dc256"",""bigcity"":1,""global_region_id"":1}";2026-07-01 16:19:33;2026-07-14 16:59:58
45;regions;32;32;32;32;54;132;"";Брянск;bryansk;1;1;414b71cf-921e-4bfc-b6e0-f7395d16aaef;"";0;1;"{""id"":32,""parent_id"":132,""name"":""Брянск"",""url"":""bryansk"",""AOGUID"":""414b71cf-921e-4bfc-b6e0-f7395d16aaef"",""bigcity"":1,""global_region_id"":1}";2026-07-01 16:19:33;2026-07-14 16:59:58
46;regions;33;33;33;33;55;133;"";Владимир;vladimir;1;1;f66a00e6-179e-4de9-8ecb-78b0277c9f10;"";0;1;"{""id"":33,""parent_id"":133,""name"":""Владимир"",""url"":""vladimir"",""AOGUID"":""f66a00e6-179e-4de9-8ecb-78b0277c9f10"",""bigcity"":1,""global_region_id"":1}";2026-07-01 16:19:33;2026-07-14 16:59:58
47;regions;35;35;35;35;56;135;"";Вологда;vologda;1;1;"023484a5-f98d-4849-82e1-b7e0444b54ef";"";0;1;"{""id"":35,""parent_id"":135,""name"":""Вологда"",""url"":""vologda"",""AOGUID"":""023484a5-f98d-4849-82e1-b7e0444b54ef"",""bigcity"":1,""global_region_id"":6}";2026-07-01 16:19:33;2026-07-14 16:59:58
48;regions;36;36;36;36;57;136;"";Воронеж;voronezh;1;1;5bf5ddff-6353-4a3d-80c4-6fb27f00c6c1;"";0;1;"{""id"":36,""parent_id"":136,""name"":""Воронеж"",""url"":""voronezh"",""AOGUID"":""5bf5ddff-6353-4a3d-80c4-6fb27f00c6c1"",""bigcity"":1,""global_region_id"":1}";2026-07-01 16:19:33;2026-07-14 16:59:58
49;regions;37;37;37;37;58;137;"";Иваново;ivanovo;1;1;40c6863e-2a5f-4033-a377-3416533948bd;"";0;1;"{""id"":37,""parent_id"":137,""name"":""Иваново"",""url"":""ivanovo"",""AOGUID"":""40c6863e-2a5f-4033-a377-3416533948bd"",""bigcity"":1,""global_region_id"":1}";2026-07-01 16:19:33;2026-07-14 16:59:58
50;regions;38;38;38;38;59;138;"";Иркутск;irkutsk;1;1;8eeed222-72e7-47c3-ab3a-9a553c31cf72;"";0;1;"{""id"":38,""parent_id"":138,""name"":""Иркутск"",""url"":""irkutsk"",""AOGUID"":""8eeed222-72e7-47c3-ab3a-9a553c31cf72"",""bigcity"":1,""global_region_id"":4}";2026-07-01 16:19:33;2026-07-14 16:59:58
51;regions;39;39;39;39;60;139;"";Калининград;kaliningrad;1;1;df679694-d505-4dd3-b514-4ba48c8a97d8;"";0;1;"{""id"":39,""parent_id"":139,""name"":""Калининград"",""url"":""kaliningrad"",""AOGUID"":""df679694-d505-4dd3-b514-4ba48c8a97d8"",""bigcity"":1,""global_region_id"":6}";2026-07-01 16:19:33;2026-07-14 16:59:58
52;regions;40;40;40;40;61;140;"";Калуга;kaluga;1;1;b502ae45-897e-4b6f-9776-6ff49740b537;"";0;1;"{""id"":40,""parent_id"":140,""name"":""Калуга"",""url"":""kaluga"",""AOGUID"":""b502ae45-897e-4b6f-9776-6ff49740b537"",""bigcity"":1,""global_region_id"":1}";2026-07-01 16:19:33;2026-07-14 16:59:58
53;regions;41;41;41;41;62;141;"";Петропавловск-Камчатский;petropavlovsk-kamchatskij;1;1;"0b3f0723-5fe0-4c23-af44-8082166c6d2e";"";0;1;"{""id"":41,""parent_id"":141,""name"":""Петропавловск-Камчатский"",""url"":""petropavlovsk-kamchatskij"",""AOGUID"":""0b3f0723-5fe0-4c23-af44-8082166c6d2e"",""bigcity"":1,""global_region_id"":8}";2026-07-01 16:19:33;2026-07-14 16:59:58
54;regions;42;42;42;42;63;142;"";Кемерово;kemerovo;1;1;94bb19a3-c1fa-410b-8651-ac1bf7c050cd;"";0;1;"{""id"":42,""parent_id"":142,""name"":""Кемерово"",""url"":""kemerovo"",""AOGUID"":""94bb19a3-c1fa-410b-8651-ac1bf7c050cd"",""bigcity"":1,""global_region_id"":4}";2026-07-01 16:19:33;2026-07-14 16:59:58
55;regions;43;43;43;43;64;143;"";Киров;kirov;1;1;452a2ddf-88a1-4e35-8d8d-8635493768d4;"";0;1;"{""id"":43,""parent_id"":143,""name"":""Киров"",""url"":""kirov"",""AOGUID"":""452a2ddf-88a1-4e35-8d8d-8635493768d4"",""bigcity"":1,""global_region_id"":7}";2026-07-01 16:19:33;2026-07-14 16:59:58
56;regions;44;44;44;44;65;144;"";Кострома;kostroma;1;1;14c73394-b886-40a9-9e5c-547cfd4d6aad;"";0;1;"{""id"":44,""parent_id"":144,""name"":""Кострома"",""url"":""kostroma"",""AOGUID"":""14c73394-b886-40a9-9e5c-547cfd4d6aad"",""bigcity"":1,""global_region_id"":1}";2026-07-01 16:19:33;2026-07-14 16:59:58
57;regions;45;45;45;45;66;145;"";Курган;kurgan;1;1;3bbda77d-ba3f-4457-9d44-c440815cda89;"";0;1;"{""id"":45,""parent_id"":145,""name"":""Курган"",""url"":""kurgan"",""AOGUID"":""3bbda77d-ba3f-4457-9d44-c440815cda89"",""bigcity"":1,""global_region_id"":3}";2026-07-01 16:19:33;2026-07-14 16:59:58
58;regions;46;46;46;46;67;146;"";Курск;kursk;1;1;d790c72e-479b-4da2-90d7-842b1712a71c;"";0;1;"{""id"":46,""parent_id"":146,""name"":""Курск"",""url"":""kursk"",""AOGUID"":""d790c72e-479b-4da2-90d7-842b1712a71c"",""bigcity"":1,""global_region_id"":1}";2026-07-01 16:19:33;2026-07-14 16:59:58
59;regions;48;48;48;48;68;148;"";Липецк;lipeck;1;1;eacb5f15-1a2e-432e-904a-ca56bd635f1b;"";0;1;"{""id"":48,""parent_id"":148,""name"":""Липецк"",""url"":""lipeck"",""AOGUID"":""eacb5f15-1a2e-432e-904a-ca56bd635f1b"",""bigcity"":1,""global_region_id"":1}";2026-07-01 16:19:33;2026-07-14 16:59:58
60;regions;49;49;49;49;69;149;"";Магадан;magadan;1;1;cb8ae35a-93df-4133-b377-50f3698c8b5e;"";0;1;"{""id"":49,""parent_id"":149,""name"":""Магадан"",""url"":""magadan"",""AOGUID"":""cb8ae35a-93df-4133-b377-50f3698c8b5e"",""bigcity"":1,""global_region_id"":8}";2026-07-01 16:19:33;2026-07-14 16:59:58
61;regions;51;51;51;51;70;151;"";Мурманск;murmansk;1;1;b7127184-ead6-422b-b7cf-4fc7725b47a5;"";0;1;"{""id"":51,""parent_id"":151,""name"":""Мурманск"",""url"":""murmansk"",""AOGUID"":""b7127184-ead6-422b-b7cf-4fc7725b47a5"",""bigcity"":1,""global_region_id"":6}";2026-07-01 16:19:33;2026-07-14 16:59:58
62;regions;53;53;53;53;71;153;"";Новгород;novgorod;1;1;8d0a05bf-3b8a-43e9-ac26-7ce61d7c4560;"";0;1;"{""id"":53,""parent_id"":153,""name"":""Новгород"",""url"":""novgorod"",""AOGUID"":""8d0a05bf-3b8a-43e9-ac26-7ce61d7c4560"",""bigcity"":1,""global_region_id"":6}";2026-07-01 16:19:33;2026-07-14 16:59:58
63;regions;56;56;56;56;72;156;"";Оренбург;orenburg;1;1;dce97bff-deb2-4fd9-9aec-4f4327bbf89b;"";0;1;"{""id"":56,""parent_id"":156,""name"":""Оренбург"",""url"":""orenburg"",""AOGUID"":""dce97bff-deb2-4fd9-9aec-4f4327bbf89b"",""bigcity"":1,""global_region_id"":3}";2026-07-01 16:19:34;2026-07-14 16:59:58
64;regions;57;57;57;57;73;157;"";Орел;orel;1;1;2abed4d9-5565-4885-bc96-f4ffccc6cba4;"";0;1;"{""id"":57,""parent_id"":157,""name"":""Орел"",""url"":""orel"",""AOGUID"":""2abed4d9-5565-4885-bc96-f4ffccc6cba4"",""bigcity"":1,""global_region_id"":1}";2026-07-01 16:19:34;2026-07-14 16:59:58
65;regions;58;58;58;58;74;158;"";Пенза;penza;1;1;ff3292b1-a1d2-47d4-b35b-ac06b50555cc;"";0;1;"{""id"":58,""parent_id"":158,""name"":""Пенза"",""url"":""penza"",""AOGUID"":""ff3292b1-a1d2-47d4-b35b-ac06b50555cc"",""bigcity"":1,""global_region_id"":7}";2026-07-01 16:19:34;2026-07-14 16:59:58
66;regions;59;59;59;59;75;159;"";Пермь;perm;1;1;a309e4ce-2f36-4106-b1ca-53e0f48a6d95;"";0;1;"{""id"":59,""parent_id"":159,""name"":""Пермь"",""url"":""perm"",""AOGUID"":""a309e4ce-2f36-4106-b1ca-53e0f48a6d95"",""bigcity"":1,""global_region_id"":7}";2026-07-01 16:19:34;2026-07-14 16:59:58
67;regions;60;60;60;60;76;160;"";Псков;pskov;1;1;2858811e-448a-482e-9863-e03bf06bb5d4;"";0;1;"{""id"":60,""parent_id"":160,""name"":""Псков"",""url"":""pskov"",""AOGUID"":""2858811e-448a-482e-9863-e03bf06bb5d4"",""bigcity"":1,""global_region_id"":6}";2026-07-01 16:19:34;2026-07-14 16:59:58
68;regions;62;62;62;62;77;162;"";Рязань;ryazan;1;1;86e5bae4-ef58-4031-b34f-5e9ff914cd55;"";0;1;"{""id"":62,""parent_id"":162,""name"":""Рязань"",""url"":""ryazan"",""AOGUID"":""86e5bae4-ef58-4031-b34f-5e9ff914cd55"",""bigcity"":1,""global_region_id"":1}";2026-07-01 16:19:34;2026-07-14 16:59:58
69;regions;64;64;64;64;78;164;"";Саратов;saratov;1;1;bf465fda-7834-47d5-986b-ccdb584a85a6;"";0;1;"{""id"":64,""parent_id"":164,""name"":""Саратов"",""url"":""saratov"",""AOGUID"":""bf465fda-7834-47d5-986b-ccdb584a85a6"",""bigcity"":1,""global_region_id"":7}";2026-07-01 16:19:34;2026-07-14 16:59:58
70;regions;65;65;65;65;79;165;"";Южно-Сахалинск;yuzhno-sakhalinsk;1;1;44388ad0-06aa-49b0-bbf9-1704629d1d68;"";0;1;"{""id"":65,""parent_id"":165,""name"":""Южно-Сахалинск"",""url"":""yuzhno-sahalinsk"",""AOGUID"":""44388ad0-06aa-49b0-bbf9-1704629d1d68"",""bigcity"":1,""global_region_id"":8}";2026-07-01 16:19:34;2026-07-14 16:59:58
71;regions;67;67;67;67;80;167;"";Смоленск;smolensk;1;1;d414a2e8-9e1e-48c1-94a4-7308d5608177;"";0;1;"{""id"":67,""parent_id"":167,""name"":""Смоленск"",""url"":""smolensk"",""AOGUID"":""d414a2e8-9e1e-48c1-94a4-7308d5608177"",""bigcity"":1,""global_region_id"":1}";2026-07-01 16:19:34;2026-07-14 16:59:58
72;regions;68;68;68;68;81;168;"";Тамбов;tambov;1;1;ea2a1270-1e19-4224-b1a0-4228b9de3c7a;"";0;1;"{""id"":68,""parent_id"":168,""name"":""Тамбов"",""url"":""tambov"",""AOGUID"":""ea2a1270-1e19-4224-b1a0-4228b9de3c7a"",""bigcity"":1,""global_region_id"":1}";2026-07-01 16:19:34;2026-07-14 16:59:58
73;regions;69;69;69;69;82;169;"";Тверь;tver;1;1;c52ea942-555e-45c6-9751-58897717b02f;"";0;1;"{""id"":69,""parent_id"":169,""name"":""Тверь"",""url"":""tver"",""AOGUID"":""c52ea942-555e-45c6-9751-58897717b02f"",""bigcity"":1,""global_region_id"":1}";2026-07-01 16:19:34;2026-07-14 16:59:58
74;regions;70;70;70;70;83;170;"";Томск;tomsk;1;1;e3b0eae8-a4ce-4779-ae04-5c0797de66be;"";0;1;"{""id"":70,""parent_id"":170,""name"":""Томск"",""url"":""tomsk"",""AOGUID"":""e3b0eae8-a4ce-4779-ae04-5c0797de66be"",""bigcity"":1,""global_region_id"":4}";2026-07-01 16:19:34;2026-07-14 16:59:58
75;regions;71;71;71;71;84;171;"";Тула;tula;1;1;b2601b18-6da2-4789-9fbe-800dde06a2bb;"";0;1;"{""id"":71,""parent_id"":171,""name"":""Тула"",""url"":""tula"",""AOGUID"":""b2601b18-6da2-4789-9fbe-800dde06a2bb"",""bigcity"":1,""global_region_id"":1}";2026-07-01 16:19:34;2026-07-14 16:59:58
76;regions;72;72;72;72;85;172;"";Тюмень;tyumen;1;1;9ae64229-9f7b-4149-b27a-d1f6ec74b5ce;"";0;1;"{""id"":72,""parent_id"":172,""name"":""Тюмень"",""url"":""tyumen"",""AOGUID"":""9ae64229-9f7b-4149-b27a-d1f6ec74b5ce"",""bigcity"":1,""global_region_id"":3}";2026-07-01 16:19:34;2026-07-14 16:59:58
77;regions;73;73;73;73;86;173;"";Ульяновск;ulyanovsk;1;1;bebfd75d-a0da-4bf9-8307-2e2c85eac463;"";0;1;"{""id"":73,""parent_id"":173,""name"":""Ульяновск"",""url"":""ulyanovsk"",""AOGUID"":""bebfd75d-a0da-4bf9-8307-2e2c85eac463"",""bigcity"":1,""global_region_id"":7}";2026-07-01 16:19:34;2026-07-14 16:59:58
78;regions;75;75;75;75;87;175;"";Чита;chita;1;1;2d9abaa6-85a6-4f1f-a1bd-14b76ec17d9c;"";0;1;"{""id"":75,""parent_id"":175,""name"":""Чита"",""url"":""chita"",""AOGUID"":""2d9abaa6-85a6-4f1f-a1bd-14b76ec17d9c"",""bigcity"":1,""global_region_id"":4}";2026-07-01 16:19:34;2026-07-14 16:59:58
79;regions;76;76;76;76;88;176;"";Ярославль;yaroslavl;1;1;6b1bab7d-ee45-4168-a2a6-4ce2880d90d3;"";0;1;"{""id"":76,""parent_id"":176,""name"":""Ярославль"",""url"":""yaroslavl"",""AOGUID"":""6b1bab7d-ee45-4168-a2a6-4ce2880d90d3"",""bigcity"":1,""global_region_id"":1}";2026-07-01 16:19:34;2026-07-14 16:59:58
80;regions;79;79;79;79;89;179;"";Биробиджан;birobidzhan;1;1;5d133391-46ee-496b-83a6-efeeaa903643;"";0;1;"{""id"":79,""parent_id"":179,""name"":""Биробиджан"",""url"":""birobidzhan"",""AOGUID"":""5d133391-46ee-496b-83a6-efeeaa903643"",""bigcity"":1,""global_region_id"":8}";2026-07-01 16:19:34;2026-07-14 16:59:58
81;regions;87;87;87;87;90;187;"";Анадырь;anadyr;1;1;7fad3a21-06b4-4af3-9657-bf1521714952;"";0;1;"{""id"":87,""parent_id"":187,""name"":""Анадырь"",""url"":""anadyr"",""AOGUID"":""7fad3a21-06b4-4af3-9657-bf1521714952"",""bigcity"":1,""global_region_id"":8}";2026-07-01 16:19:34;2026-07-14 16:59:58
82;regions;92;92;92;92;91;192;"";Симферополь;simferopol;1;1;b9001e55-72ed-43bf-b7eb-41b86a14380e;"";0;1;"{""id"":92,""parent_id"":192,""name"":""Симферополь"",""url"":""simferopol"",""AOGUID"":""b9001e55-72ed-43bf-b7eb-41b86a14380e"",""bigcity"":1,""global_region_id"":2}";2026-07-01 16:19:34;2026-07-14 16:59:58
83;districts;6;"";122;122;44;122;34;Алейск;aleysk;0;1;"";"01403000000";0;1;"{""id"":6,""parentId"":0,""regionId"":122,""name"":""Алейск"",""administrative"":0,""okato"":""01403000000"",""is_city"":1}";2026-07-01 16:19:34;2026-07-14 16:59:58
84;districts;8;"";122;122;44;122;34;Белокуриха;belokurikha;0;1;"";"01404000000";0;1;"{""id"":8,""parentId"":0,""regionId"":122,""name"":""Белокуриха"",""administrative"":0,""okato"":""01404000000"",""is_city"":1}";2026-07-01 16:19:34;2026-07-14 16:59:58
85;districts;9;"";122;122;44;122;34;Бийск;biysk;0;1;"";"01405000000";0;1;"{""id"":9,""parentId"":0,""regionId"":122,""name"":""Бийск"",""administrative"":0,""okato"":""01405000000"",""is_city"":1}";2026-07-01 16:19:34;2026-07-14 16:59:58
86;districts;10;"";122;122;44;122;34;Заринск;zarinsk;0;1;"";"01406000000";0;1;"{""id"":10,""parentId"":0,""regionId"":122,""name"":""Заринск"",""administrative"":0,""okato"":""01406000000"",""is_city"":1}";2026-07-01 16:19:34;2026-07-14 16:59:58
87;districts;11;"";122;122;44;122;34;Змеиногорск;zmeinogorsk;0;1;"";"01214501000";0;1;"{""id"":11,""parentId"":0,""regionId"":122,""name"":""Змеиногорск"",""administrative"":0,""okato"":""01214501000"",""is_city"":1}";2026-07-01 16:19:34;2026-07-14 16:59:58
88;districts;12;"";122;122;44;122;34;Камень-на-Оби;kamen-na-obi;0;1;"";"01216501000";0;1;"{""id"":12,""parentId"":0,""regionId"":122,""name"":""Камень-на-Оби"",""administrative"":0,""okato"":""01216501000"",""is_city"":1}";2026-07-01 16:19:34;2026-07-14 16:59:58
89;districts;13;"";122;122;44;122;34;Новоалтайск;novoaltaysk;0;1;"";"01413000000";0;1;"{""id"":13,""parentId"":0,""regionId"":122,""name"":""Новоалтайск"",""administrative"":0,""okato"":""01413000000"",""is_city"":1}";2026-07-01 16:19:34;2026-07-14 16:59:58
90;districts;14;"";122;122;44;122;34;Рубцовск;rubtsovsk;0;1;"";"01416000000";0;1;"{""id"":14,""parentId"":0,""regionId"":122,""name"":""Рубцовск"",""administrative"":0,""okato"":""01416000000"",""is_city"":1}";2026-07-01 16:19:34;2026-07-14 16:59:58
91;districts;15;"";122;122;44;122;34;Славгород;slavgorod;0;1;"";"01419000000";0;1;"{""id"":15,""parentId"":0,""regionId"":122,""name"":""Славгород"",""administrative"":0,""okato"":""01419000000"",""is_city"":1}";2026-07-01 16:19:34;2026-07-14 16:59:58
92;districts;16;"";122;122;44;122;34;Яровое;yarovoe;0;1;"";"01430000000";0;1;"{""id"":16,""parentId"":0,""regionId"":122,""name"":""Яровое"",""administrative"":0,""okato"":""01430000000"",""is_city"":1}";2026-07-01 16:19:34;2026-07-14 16:59:58
93;districts;17;"";122;122;44;122;34;Горняк;gornyak;0;1;"";"01225501000";0;1;"{""id"":17,""parentId"":0,""regionId"":122,""name"":""Горняк"",""administrative"":0,""okato"":""01225501000"",""is_city"":1}";2026-07-01 16:19:34;2026-07-14 16:59:58
94;districts;19;"";128;128;50;128;41;Белогорск;belogorsk;0;1;"";10410000000;0;1;"{""id"":19,""parentId"":0,""regionId"":128,""name"":""Белогорск"",""administrative"":0,""okato"":""10410000000"",""is_city"":1}";2026-07-01 16:19:34;2026-07-14 16:59:58
95;districts;20;"";128;128;50;128;41;Зея;zeya;0;1;"";10412000000;0;1;"{""id"":20,""parentId"":0,""regionId"":128,""name"":""Зея"",""administrative"":0,""okato"":""10412000000"",""is_city"":1}";2026-07-01 16:19:34;2026-07-14 16:59:58
96;districts;23;"";128;128;50;128;41;Райчихинск;raychikhinsk;0;1;"";10420000000;0;1;"{""id"":23,""parentId"":0,""regionId"":128,""name"":""Райчихинск"",""administrative"":0,""okato"":""10420000000"",""is_city"":1}";2026-07-01 16:19:34;2026-07-14 16:59:58
97;districts;24;"";128;128;50;128;41;Свободный;svobodnyy;0;1;"";10430000000;0;1;"{""id"":24,""parentId"":0,""regionId"":128,""name"":""Свободный"",""administrative"":0,""okato"":""10430000000"",""is_city"":1}";2026-07-01 16:19:34;2026-07-14 16:59:58
98;districts;25;"";128;128;50;128;41;Тында;tynda;0;1;"";10432000000;0;1;"{""id"":25,""parentId"":0,""regionId"":128,""name"":""Тында"",""administrative"":0,""okato"":""10432000000"",""is_city"":1}";2026-07-01 16:19:34;2026-07-14 16:59:58
99;districts;26;"";128;128;50;128;41;Шимановск;shimanovsk;0;1;"";10440000000;0;1;"{""id"":26,""parentId"":0,""regionId"":128,""name"":""Шимановск"",""administrative"":0,""okato"":""10440000000"",""is_city"":1}";2026-07-01 16:19:34;2026-07-14 16:59:58
100;districts;27;"";101;101;25;101;15;Адыгейск;adygeysk;0;1;"";79403000000;0;1;"{""id"":27,""parentId"":0,""regionId"":101,""name"":""Адыгейск"",""administrative"":0,""okato"":""79403000000"",""is_city"":1}";2026-07-01 16:19:34;2026-07-14 16:59:58
101;districts;28;"";128;128;50;128;41;Завитинск;zavitinsk;0;1;"";10221501000;0;1;"{""id"":28,""parentId"":0,""regionId"":128,""name"":""Завитинск"",""administrative"":0,""okato"":""10221501000"",""is_city"":1}";2026-07-01 16:19:34;2026-07-14 16:59:58
102;districts;30;"";129;129;51;129;42;Северодвинск;severodvinsk;0;1;"";11430000000;0;1;"{""id"":30,""parentId"":0,""regionId"":129,""name"":""Северодвинск"",""administrative"":0,""okato"":""11430000000"",""is_city"":1}";2026-07-01 16:19:34;2026-07-14 16:59:58
103;districts;31;"";129;129;51;129;42;Котлас;kotlas;0;1;"";11410000000;0;1;"{""id"":31,""parentId"":0,""regionId"":129,""name"":""Котлас"",""administrative"":0,""okato"":""11410000000"",""is_city"":1}";2026-07-01 16:19:34;2026-07-14 16:59:58
104;districts;32;"";129;129;51;129;42;Новодвинск;novodvinsk;0;1;"";11415000000;0;1;"{""id"":32,""parentId"":0,""regionId"":129,""name"":""Новодвинск"",""administrative"":0,""okato"":""11415000000"",""is_city"":1}";2026-07-01 16:19:34;2026-07-14 16:59:58
105;districts;33;"";129;129;51;129;42;Коряжма;koryazhma;0;1;"";11408000000;0;1;"{""id"":33,""parentId"":0,""regionId"":129,""name"":""Коряжма"",""administrative"":0,""okato"":""11408000000"",""is_city"":1}";2026-07-01 16:19:34;2026-07-14 16:59:58
106;districts;34;"";129;129;51;129;42;Мирный;mirnyy;0;1;"";11525000000;0;1;"{""id"":34,""parentId"":0,""regionId"":129,""name"":""Мирный"",""administrative"":0,""okato"":""11525000000"",""is_city"":1}";2026-07-01 16:19:34;2026-07-14 16:59:58
107;districts;35;"";129;129;51;129;42;Вельск;velsk;0;1;"";11205501000;0;1;"{""id"":35,""parentId"":0,""regionId"":129,""name"":""Вельск"",""administrative"":0,""okato"":""11205501000"",""is_city"":1}";2026-07-01 16:19:34;2026-07-14 16:59:58
108;districts;36;"";129;129;51;129;42;Няндома;nyandoma;0;1;"";11244501000;0;1;"{""id"":36,""parentId"":0,""regionId"":129,""name"":""Няндома"",""administrative"":0,""okato"":""11244501000"",""is_city"":1}";2026-07-01 16:19:34;2026-07-14 16:59:58
109;districts;37;"";129;129;51;129;42;Онега;onega;0;1;"";11420000000;0;1;"{""id"":37,""parentId"":0,""regionId"":129,""name"":""Онега"",""administrative"":0,""okato"":""11420000000"",""is_city"":1}";2026-07-01 16:19:34;2026-07-14 16:59:58
110;districts;39;"";130;130;52;130;43;Ахтубинск;akhtubinsk;0;1;"";12205501000;0;1;"{""id"":39,""parentId"":0,""regionId"":130,""name"":""Ахтубинск"",""administrative"":0,""okato"":""12205501000"",""is_city"":1}";2026-07-01 16:19:34;2026-07-14 16:59:58
111;districts;40;"";130;130;52;130;43;Знаменск;znamensk;0;1;"";12519000000;0;1;"{""id"":40,""parentId"":0,""regionId"":130,""name"":""Знаменск"",""administrative"":0,""okato"":""12519000000"",""is_city"":1}";2026-07-01 16:19:34;2026-07-14 16:59:58
112;districts;41;"";130;130;52;130;43;Харабали;kharabali;0;1;"";12245501000;0;1;"{""id"":41,""parentId"":0,""regionId"":130,""name"":""Харабали"",""administrative"":0,""okato"":""12245501000"",""is_city"":1}";2026-07-01 16:19:34;2026-07-14 16:59:58
113;districts;42;"";130;130;52;130;43;Камызяк;kamyzyak;0;1;"";12225501000;0;1;"{""id"":42,""parentId"":0,""regionId"":130,""name"":""Камызяк"",""administrative"":0,""okato"":""12225501000"",""is_city"":1}";2026-07-01 16:19:34;2026-07-14 16:59:59
114;districts;43;"";2;2;1;2;3;Стерлитамак;sterlitamak;0;1;"";80445000000;0;1;"{""id"":43,""parentId"":0,""regionId"":2,""name"":""Стерлитамак"",""administrative"":0,""okato"":""80445000000"",""is_city"":1}";2026-07-01 16:19:34;2026-07-14 16:59:59
115;districts;44;"";2;2;1;2;3;Салават;salavat;0;1;"";80439000000;0;1;"{""id"":44,""parentId"":0,""regionId"":2,""name"":""Салават"",""administrative"":0,""okato"":""80439000000"",""is_city"":1}";2026-07-01 16:19:34;2026-07-14 16:59:59
116;districts;45;"";2;2;1;2;3;Нефтекамск;neftekamsk;0;1;"";80427000000;0;1;"{""id"":45,""parentId"":0,""regionId"":2,""name"":""Нефтекамск"",""administrative"":0,""okato"":""80427000000"",""is_city"":1}";2026-07-01 16:19:34;2026-07-14 16:59:59
117;districts;46;"";2;2;1;2;3;Октябрьский;oktyabrskiy;0;1;"";80435000000;0;1;"{""id"":46,""parentId"":0,""regionId"":2,""name"":""Октябрьский"",""administrative"":0,""okato"":""80435000000"",""is_city"":1}";2026-07-01 16:19:34;2026-07-14 16:59:59
118;districts;47;"";2;2;1;2;3;Белорецк;beloretsk;0;1;"";80410000000;0;1;"{""id"":47,""parentId"":0,""regionId"":2,""name"":""Белорецк"",""administrative"":0,""okato"":""80410000000"",""is_city"":1}";2026-07-01 16:19:34;2026-07-14 16:59:59
119;districts;48;"";2;2;1;2;3;Туймазы;tuymazy;0;1;"";80450000000;0;1;"{""id"":48,""parentId"":0,""regionId"":2,""name"":""Туймазы"",""administrative"":0,""okato"":""80450000000"",""is_city"":1}";2026-07-01 16:19:34;2026-07-14 16:59:59
120;districts;49;"";2;2;1;2;3;Ишимбай;ishimbay;0;1;"";80420000000;0;1;"{""id"":49,""parentId"":0,""regionId"":2,""name"":""Ишимбай"",""administrative"":0,""okato"":""80420000000"",""is_city"":1}";2026-07-01 16:19:34;2026-07-14 16:59:59
121;districts;50;"";2;2;1;2;3;Кумертау;kumertau;0;1;"";80423000000;0;1;"{""id"":50,""parentId"":0,""regionId"":2,""name"":""Кумертау"",""administrative"":0,""okato"":""80423000000"",""is_city"":1}";2026-07-01 16:19:34;2026-07-14 16:59:59
122;districts;51;"";2;2;1;2;3;Сибай;sibaj;0;1;"";80443000000;0;1;"{""id"":51,""parentId"":0,""regionId"":2,""name"":""Сибай"",""administrative"":0,""okato"":""80443000000"",""is_city"":1}";2026-07-01 16:19:34;2026-07-14 16:59:59
123;districts;52;"";2;2;1;2;3;Мелеуз;meleuz;0;1;"";80425000000;0;1;"{""id"":52,""parentId"":0,""regionId"":2,""name"":""Мелеуз"",""administrative"":0,""okato"":""80425000000"",""is_city"":1}";2026-07-01 16:19:34;2026-07-14 16:59:59
124;districts;53;"";2;2;1;2;3;Белебей;belebey;0;1;"";80405000000;0;1;"{""id"":53,""parentId"":0,""regionId"":2,""name"":""Белебей"",""administrative"":0,""okato"":""80405000000"",""is_city"":1}";2026-07-01 16:19:34;2026-07-14 16:59:59
125;districts;54;"";2;2;1;2;3;Бирск;birsk;0;1;"";80415000000;0;1;"{""id"":54,""parentId"":0,""regionId"":2,""name"":""Бирск"",""administrative"":0,""okato"":""80415000000"",""is_city"":1}";2026-07-01 16:19:34;2026-07-14 16:59:59
126;districts;55;"";2;2;1;2;3;Учалы;uchaly;0;1;"";80455000000;0;1;"{""id"":55,""parentId"":0,""regionId"":2,""name"":""Учалы"",""administrative"":0,""okato"":""80455000000"",""is_city"":1}";2026-07-01 16:19:34;2026-07-14 16:59:59
127;districts;57;"";2;2;1;2;3;Дюртюли;dyurtyuli;0;1;"";80418000000;0;1;"{""id"":57,""parentId"":0,""regionId"":2,""name"":""Дюртюли"",""administrative"":0,""okato"":""80418000000"",""is_city"":1}";2026-07-01 16:19:34;2026-07-14 16:59:59
128;districts;58;"";2;2;1;2;3;Янаул;yanaul;0;1;"";80460000000;0;1;"{""id"":58,""parentId"":0,""regionId"":2,""name"":""Янаул"",""administrative"":0,""okato"":""80460000000"",""is_city"":1}";2026-07-01 16:19:34;2026-07-14 16:59:59
129;districts;59;"";2;2;1;2;3;Давлеканово;davlekanovo;0;1;"";80419000000;0;1;"{""id"":59,""parentId"":0,""regionId"":2,""name"":""Давлеканово"",""administrative"":0,""okato"":""80419000000"",""is_city"":1}";2026-07-01 16:19:34;2026-07-14 16:59:59
130;districts;60;"";2;2;1;2;3;Баймак;baymak;0;1;"";80404000000;0;1;"{""id"":60,""parentId"":0,""regionId"":2,""name"":""Баймак"",""administrative"":0,""okato"":""80404000000"",""is_city"":1}";2026-07-01 16:19:34;2026-07-14 16:59:59
131;districts;61;"";2;2;1;2;3;Межгорье;mezhgore;0;1;"";80507000000;0;1;"{""id"":61,""parentId"":0,""regionId"":2,""name"":""Межгорье"",""administrative"":0,""okato"":""80507000000"",""is_city"":1}";2026-07-01 16:19:34;2026-07-14 16:59:59
132;districts;62;"";2;2;1;2;3;Агидель;agidel;0;1;"";80403000000;0;1;"{""id"":62,""parentId"":0,""regionId"":2,""name"":""Агидель"",""administrative"":0,""okato"":""80403000000"",""is_city"":1}";2026-07-01 16:19:34;2026-07-14 16:59:59
133;districts;64;"";131;131;53;131;44;Старый Оскол;staryy-oskol;0;1;"";14440000000;0;1;"{""id"":64,""parentId"":0,""regionId"":131,""name"":""Старый Оскол"",""administrative"":0,""okato"":""14440000000"",""is_city"":1}";2026-07-01 16:19:34;2026-07-14 16:59:59
134;districts;65;"";131;131;53;131;44;Губкин;gubkin;0;1;"";14430000000;0;1;"{""id"":65,""parentId"":0,""regionId"":131,""name"":""Губкин"",""administrative"":0,""okato"":""14430000000"",""is_city"":1}";2026-07-01 16:19:34;2026-07-14 16:59:59
135;districts;66;"";131;131;53;131;44;Шебекино;shebekino;0;1;"";14450000000;0;1;"{""id"":66,""parentId"":0,""regionId"":131,""name"":""Шебекино"",""administrative"":0,""okato"":""14450000000"",""is_city"":1}";2026-07-01 16:19:34;2026-07-14 16:59:59
136;districts;67;"";131;131;53;131;44;Алексеевка;alekseevka;0;1;"";14410000000;0;1;"{""id"":67,""parentId"":0,""regionId"":131,""name"":""Алексеевка"",""administrative"":0,""okato"":""14410000000"",""is_city"":1}";2026-07-01 16:19:34;2026-07-14 16:59:59
137;districts;68;"";131;131;53;131;44;Валуйки;valuyki;0;1;"";14420000000;0;1;"{""id"":68,""parentId"":0,""regionId"":131,""name"":""Валуйки"",""administrative"":0,""okato"":""14420000000"",""is_city"":1}";2026-07-01 16:19:34;2026-07-14 16:59:59
138;districts;69;"";131;131;53;131;44;Строитель;stroitel_tambovskaya-oblast;0;1;"";14258501000;0;1;"{""id"":69,""parentId"":0,""regionId"":131,""name"":""Строитель"",""administrative"":0,""okato"":""14258501000"",""is_city"":1}";2026-07-01 16:19:34;2026-07-14 16:59:59
139;districts;70;"";131;131;53;131;44;Новый Оскол;novyy-oskol;0;1;"";14244501000;0;1;"{""id"":70,""parentId"":0,""regionId"":131,""name"":""Новый Оскол"",""administrative"":0,""okato"":""14244501000"",""is_city"":1}";2026-07-01 16:19:34;2026-07-14 16:59:59
140;districts;72;"";132;132;54;132;45;Клинцы;klintsy;0;1;"";15415000000;0;1;"{""id"":72,""parentId"":0,""regionId"":132,""name"":""Клинцы"",""administrative"":0,""okato"":""15415000000"",""is_city"":1}";2026-07-01 16:19:34;2026-07-14 16:59:59
141;districts;73;"";132;132;54;132;45;Новозыбков;novozybkov;0;1;"";15420000000;0;1;"{""id"":73,""parentId"":0,""regionId"":132,""name"":""Новозыбков"",""administrative"":0,""okato"":""15420000000"",""is_city"":1}";2026-07-01 16:19:34;2026-07-14 16:59:59
142;districts;74;"";132;132;54;132;45;Дятьково;dyatkovo;0;1;"";15216501000;0;1;"{""id"":74,""parentId"":0,""regionId"":132,""name"":""Дятьково"",""administrative"":0,""okato"":""15216501000"",""is_city"":1}";2026-07-01 16:19:34;2026-07-14 16:59:59
143;districts;75;"";132;132;54;132;45;Унеча;unecha;0;1;"";15258501000;0;1;"{""id"":75,""parentId"":0,""regionId"":132,""name"":""Унеча"",""administrative"":0,""okato"":""15258501000"",""is_city"":1}";2026-07-01 16:19:34;2026-07-14 16:59:59
144;districts;76;"";132;132;54;132;45;Карачев;karachev;0;1;"";15224501000;0;1;"{""id"":76,""parentId"":0,""regionId"":132,""name"":""Карачев"",""administrative"":0,""okato"":""15224501000"",""is_city"":1}";2026-07-01 16:19:34;2026-07-14 16:59:59
145;districts;77;"";132;132;54;132;45;Стародуб;starodub;0;1;"";15250501000;0;1;"{""id"":77,""parentId"":0,""regionId"":132,""name"":""Стародуб"",""administrative"":0,""okato"":""15250501000"",""is_city"":1}";2026-07-01 16:19:34;2026-07-14 16:59:59
146;districts;78;"";132;132;54;132;45;Жуковка;zhukovka;0;1;"";15222501000;0;1;"{""id"":78,""parentId"":0,""regionId"":132,""name"":""Жуковка"",""administrative"":0,""okato"":""15222501000"",""is_city"":1}";2026-07-01 16:19:34;2026-07-14 16:59:59
147;districts;79;"";132;132;54;132;45;Сельцо;seltso;0;1;"";15425000000;0;1;"{""id"":79,""parentId"":0,""regionId"":132,""name"":""Сельцо"",""administrative"":0,""okato"":""15425000000"",""is_city"":1}";2026-07-01 16:19:34;2026-07-14 16:59:59
148;districts;80;"";132;132;54;132;45;Почеп;pochep;0;1;"";15244501000;0;1;"{""id"":80,""parentId"":0,""regionId"":132,""name"":""Почеп"",""administrative"":0,""okato"":""15244501000"",""is_city"":1}";2026-07-01 16:19:34;2026-07-14 16:59:59
149;districts;81;"";132;132;54;132;45;Трубчевск;trubchevsk;0;1;"";15256501000;0;1;"{""id"":81,""parentId"":0,""regionId"":132,""name"":""Трубчевск"",""administrative"":0,""okato"":""15256501000"",""is_city"":1}";2026-07-01 16:19:34;2026-07-14 16:59:59
150;districts;82;"";132;132;54;132;45;Сураж;surazh;0;1;"";15254501000;0;1;"{""id"":82,""parentId"":0,""regionId"":132,""name"":""Сураж"",""administrative"":0,""okato"":""15254501000"",""is_city"":1}";2026-07-01 16:19:34;2026-07-14 16:59:59
151;districts;84;"";103;103;26;103;16;Северобайкальск;severobaykalsk;0;1;"";81420000000;0;1;"{""id"":84,""parentId"":0,""regionId"":103,""name"":""Северобайкальск"",""administrative"":0,""okato"":""81420000000"",""is_city"":1}";2026-07-01 16:19:34;2026-07-14 16:59:59
152;districts;85;"";103;103;26;103;16;Кяхта;kyakhta;0;1;"";81233501000;0;1;"{""id"":85,""parentId"":0,""regionId"":103,""name"":""Кяхта"",""administrative"":0,""okato"":""81233501000"",""is_city"":1}";2026-07-01 16:19:34;2026-07-14 16:59:59
153;districts;86;"";103;103;26;103;16;Гусиноозерск;gusinoozersk;0;1;"";81248501000;0;1;"{""id"":86,""parentId"":0,""regionId"":103,""name"":""Гусиноозерск"",""administrative"":0,""okato"":""81248501000"",""is_city"":1}";2026-07-01 16:19:34;2026-07-14 16:59:59
154;districts;87;"";103;103;26;103;16;Закаменск;zakamensk;0;1;"";81221501000;0;1;"{""id"":87,""parentId"":0,""regionId"":103,""name"":""Закаменск"",""administrative"":0,""okato"":""81221501000"",""is_city"":1}";2026-07-01 16:19:34;2026-07-14 16:59:59
155;districts;89;"";133;133;55;133;46;Ковров;kovrov;0;1;"";17425000000;0;1;"{""id"":89,""parentId"":0,""regionId"":133,""name"":""Ковров"",""administrative"":0,""okato"":""17425000000"",""is_city"":1}";2026-07-01 16:19:34;2026-07-14 16:59:59
156;districts;90;"";133;133;55;133;46;Муром;murom;0;1;"";17435000000;0;1;"{""id"":90,""parentId"":0,""regionId"":133,""name"":""Муром"",""administrative"":0,""okato"":""17435000000"",""is_city"":1}";2026-07-01 16:19:34;2026-07-14 16:59:59
157;districts;91;"";133;133;55;133;46;Александров;aleksandrov;0;1;"";17205501000;0;1;"{""id"":91,""parentId"":0,""regionId"":133,""name"":""Александров"",""administrative"":0,""okato"":""17205501000"",""is_city"":1}";2026-07-01 16:19:35;2026-07-14 16:59:59
158;districts;92;"";133;133;55;133;46;Гусь-Хрустальный;gus-khrustalnyy;0;1;"";17420000000;0;1;"{""id"":92,""parentId"":0,""regionId"":133,""name"":""Гусь-Хрустальный"",""administrative"":0,""okato"":""17420000000"",""is_city"":1}";2026-07-01 16:19:35;2026-07-14 16:59:59
159;districts;93;"";133;133;55;133;46;Кольчугино;kolchugino;0;1;"";17240501000;0;1;"{""id"":93,""parentId"":0,""regionId"":133,""name"":""Кольчугино"",""administrative"":0,""okato"":""17240501000"",""is_city"":1}";2026-07-01 16:19:35;2026-07-14 16:59:59
160;districts;94;"";133;133;55;133;46;Вязники;vyazniki;0;1;"";17210501000;0;1;"{""id"":94,""parentId"":0,""regionId"":133,""name"":""Вязники"",""administrative"":0,""okato"":""17210501000"",""is_city"":1}";2026-07-01 16:19:35;2026-07-14 16:59:59
161;districts;95;"";133;133;55;133;46;Киржач;kirzhach;0;1;"";17230501000;0;1;"{""id"":95,""parentId"":0,""regionId"":133,""name"":""Киржач"",""administrative"":0,""okato"":""17230501000"",""is_city"":1}";2026-07-01 16:19:35;2026-07-14 16:59:59
162;districts;96;"";133;133;55;133;46;Юрьев-Польский;yurev-polskiy;0;1;"";17256501000;0;1;"{""id"":96,""parentId"":0,""regionId"":133,""name"":""Юрьев-Польский"",""administrative"":0,""okato"":""17256501000"",""is_city"":1}";2026-07-01 16:19:35;2026-07-14 16:59:59
163;districts;97;"";133;133;55;133;46;Собинка;sobinka;0;1;"";17250501000;0;1;"{""id"":97,""parentId"":0,""regionId"":133,""name"":""Собинка"",""administrative"":0,""okato"":""17250501000"",""is_city"":1}";2026-07-01 16:19:35;2026-07-14 16:59:59
164;districts;98;"";133;133;55;133;46;Радужный;hanty_mansijsk_raduzhnyj;0;1;"";17537000000;0;1;"{""id"":98,""parentId"":0,""regionId"":133,""name"":""Радужный"",""administrative"":0,""okato"":""17537000000"",""is_city"":1}";2026-07-01 16:19:35;2026-07-14 16:59:59
165;districts;99;"";133;133;55;133;46;Покров;pokrov;0;1;"";17246520000;0;1;"{""id"":99,""parentId"":0,""regionId"":133,""name"":""Покров"",""administrative"":0,""okato"":""17246520000"",""is_city"":1}";2026-07-01 16:19:35;2026-07-14 16:59:59
166;districts;100;"";133;133;55;133;46;Лакинск;lakinsk;0;1;"";17250503000;0;1;"{""id"":100,""parentId"":0,""regionId"":133,""name"":""Лакинск"",""administrative"":0,""okato"":""17250503000"",""is_city"":1}";2026-07-01 16:19:35;2026-07-14 16:59:59
167;districts;101;"";133;133;55;133;46;Меленки;melenki;0;1;"";17242501000;0;1;"{""id"":101,""parentId"":0,""regionId"":133,""name"":""Меленки"",""administrative"":0,""okato"":""17242501000"",""is_city"":1}";2026-07-01 16:19:35;2026-07-14 16:59:59
168;districts;102;"";133;133;55;133;46;Петушки;petushki;0;1;"";17246501000;0;1;"{""id"":102,""parentId"":0,""regionId"":133,""name"":""Петушки"",""administrative"":0,""okato"":""17246501000"",""is_city"":1}";2026-07-01 16:19:35;2026-07-14 16:59:59
169;districts;103;"";133;133;55;133;46;Карабаново;karabanovo;0;1;"";17205505000;0;1;"{""id"":103,""parentId"":0,""regionId"":133,""name"":""Карабаново"",""administrative"":0,""okato"":""17205505000"",""is_city"":1}";2026-07-01 16:19:35;2026-07-14 16:59:59
170;districts;104;"";133;133;55;133;46;Струнино;strunino;0;1;"";17205508000;0;1;"{""id"":104,""parentId"":0,""regionId"":133,""name"":""Струнино"",""administrative"":0,""okato"":""17205508000"",""is_city"":1}";2026-07-01 16:19:35;2026-07-14 16:59:59
171;districts;105;"";133;133;55;133;46;Гороховец;gorokhovets;0;1;"";17215501000;0;1;"{""id"":105,""parentId"":0,""regionId"":133,""name"":""Гороховец"",""administrative"":0,""okato"":""17215501000"",""is_city"":1}";2026-07-01 16:19:35;2026-07-14 16:59:59
172;districts;106;"";133;133;55;133;46;Камешково;kameshkovo;0;1;"";17225501000;0;1;"{""id"":106,""parentId"":0,""regionId"":133,""name"":""Камешково"",""administrative"":0,""okato"":""17225501000"",""is_city"":1}";2026-07-01 16:19:35;2026-07-14 16:59:59
173;districts;107;"";133;133;55;133;46;Судогда;sudogda;0;1;"";17252501000;0;1;"{""id"":107,""parentId"":0,""regionId"":133,""name"":""Судогда"",""administrative"":0,""okato"":""17252501000"",""is_city"":1}";2026-07-01 16:19:35;2026-07-14 16:59:59
174;districts;108;"";133;133;55;133;46;Суздаль;suzdal;0;1;"";17254501000;0;1;"{""id"":108,""parentId"":0,""regionId"":133,""name"":""Суздаль"",""administrative"":0,""okato"":""17254501000"",""is_city"":1}";2026-07-01 16:19:35;2026-07-14 16:59:59
175;districts;109;"";34;34;3;34;5;Волжский;volzhskiy;0;1;"";18410000000;0;1;"{""id"":109,""parentId"":0,""regionId"":34,""name"":""Волжский"",""administrative"":0,""okato"":""18410000000"",""is_city"":1}";2026-07-01 16:19:35;2026-07-14 16:59:59
176;districts;110;"";34;34;3;34;5;Камышин;kamyshin;0;1;"";18415000000;0;1;"{""id"":110,""parentId"":0,""regionId"":34,""name"":""Камышин"",""administrative"":0,""okato"":""18415000000"",""is_city"":1}";2026-07-01 16:19:35;2026-07-14 16:59:59
177;districts;111;"";34;34;3;34;5;Михайловка;mikhaylovka;0;1;"";18420000000;0;1;"{""id"":111,""parentId"":0,""regionId"":34,""name"":""Михайловка"",""administrative"":0,""okato"":""18420000000"",""is_city"":1}";2026-07-01 16:19:35;2026-07-14 16:59:59
178;districts;112;"";34;34;3;34;5;Урюпинск;uryupinsk;0;1;"";18425000000;0;1;"{""id"":112,""parentId"":0,""regionId"":34,""name"":""Урюпинск"",""administrative"":0,""okato"":""18425000000"",""is_city"":1}";2026-07-01 16:19:35;2026-07-14 16:59:59
179;districts;113;"";34;34;3;34;5;Фролово;frolovo;0;1;"";18428000000;0;1;"{""id"":113,""parentId"":0,""regionId"":34,""name"":""Фролово"",""administrative"":0,""okato"":""18428000000"",""is_city"":1}";2026-07-01 16:19:35;2026-07-14 16:59:59
180;districts;114;"";34;34;3;34;5;Калач-на-Дону;kalach-na-donu;0;1;"";18216501000;0;1;"{""id"":114,""parentId"":0,""regionId"":34,""name"":""Калач-на-Дону"",""administrative"":0,""okato"":""18216501000"",""is_city"":1}";2026-07-01 16:19:35;2026-07-14 16:59:59
181;districts;115;"";34;34;3;34;5;Котово;kotovo;0;1;"";18226501000;0;1;"{""id"":115,""parentId"":0,""regionId"":34,""name"":""Котово"",""administrative"":0,""okato"":""18226501000"",""is_city"":1}";2026-07-01 16:19:35;2026-07-14 16:59:59
182;districts;116;"";34;34;3;34;5;Суровикино;surovikino;0;1;"";18253501000;0;1;"{""id"":116,""parentId"":0,""regionId"":34,""name"":""Суровикино"",""administrative"":0,""okato"":""18253501000"",""is_city"":1}";2026-07-01 16:19:35;2026-07-14 16:59:59
183;districts;117;"";34;34;3;34;5;Котельниково;kotelnikovo;0;1;"";18224501000;0;1;"{""id"":117,""parentId"":0,""regionId"":34,""name"":""Котельниково"",""administrative"":0,""okato"":""18224501000"",""is_city"":1}";2026-07-01 16:19:35;2026-07-14 16:59:59
184;districts;118;"";34;34;3;34;5;Новоаннинский;novoanninskiy;0;1;"";18238501000;0;1;"{""id"":118,""parentId"":0,""regionId"":34,""name"":""Новоаннинский"",""administrative"":0,""okato"":""18238501000"",""is_city"":1}";2026-07-01 16:19:35;2026-07-14 16:59:59
185;districts;119;"";34;34;3;34;5;Жирновск;zhirnovsk;0;1;"";18212501000;0;1;"{""id"":119,""parentId"":0,""regionId"":34,""name"":""Жирновск"",""administrative"":0,""okato"":""18212501000"",""is_city"":1}";2026-07-01 16:19:35;2026-07-14 16:59:59
186;districts;120;"";34;34;3;34;5;Палласовка;pallasovka;0;1;"";18245501000;0;1;"{""id"":120,""parentId"":0,""regionId"":34,""name"":""Палласовка"",""administrative"":0,""okato"":""18245501000"",""is_city"":1}";2026-07-01 16:19:35;2026-07-14 16:59:59
187;districts;121;"";34;34;3;34;5;Краснослободск;krasnoslobodsk;0;1;"";18251507000;0;1;"{""id"":121,""parentId"":0,""regionId"":34,""name"":""Краснослободск"",""administrative"":0,""okato"":""18251507000"",""is_city"":1}";2026-07-01 16:19:35;2026-07-14 16:59:59
188;districts;122;"";34;34;3;34;5;Ленинск;leninsk;0;1;"";18230501000;0;1;"{""id"":122,""parentId"":0,""regionId"":34,""name"":""Ленинск"",""administrative"":0,""okato"":""18230501000"",""is_city"":1}";2026-07-01 16:19:35;2026-07-14 16:59:59
189;districts;123;"";34;34;3;34;5;Николаевск;nikolaevsk;0;1;"";18236501000;0;1;"{""id"":123,""parentId"":0,""regionId"":34,""name"":""Николаевск"",""administrative"":0,""okato"":""18236501000"",""is_city"":1}";2026-07-01 16:19:35;2026-07-14 16:59:59
190;districts;124;"";34;34;3;34;5;Дубовка;dubovka;0;1;"";18208501000;0;1;"{""id"":124,""parentId"":0,""regionId"":34,""name"":""Дубовка"",""administrative"":0,""okato"":""18208501000"",""is_city"":1}";2026-07-01 16:19:35;2026-07-14 16:59:59
191;districts;125;"";34;34;3;34;5;Петров Вал;petrov-val;0;1;"";18218503000;0;1;"{""id"":125,""parentId"":0,""regionId"":34,""name"":""Петров Вал"",""administrative"":0,""okato"":""18218503000"",""is_city"":1}";2026-07-01 16:19:35;2026-07-14 16:59:59
192;districts;126;"";135;135;56;135;47;Череповец;cherepovets;0;1;"";19430000000;0;1;"{""id"":126,""parentId"":0,""regionId"":135,""name"":""Череповец"",""administrative"":0,""okato"":""19430000000"",""is_city"":1}";2026-07-01 16:19:35;2026-07-14 16:59:59
193;districts;128;"";135;135;56;135;47;Сокол;sokol;0;1;"";19420000000;0;1;"{""id"":128,""parentId"":0,""regionId"":135,""name"":""Сокол"",""administrative"":0,""okato"":""19420000000"",""is_city"":1}";2026-07-01 16:19:35;2026-07-14 16:59:59
194;districts;129;"";135;135;56;135;47;Великий Устюг;velikiy-ustyug;0;1;"";19410000000;0;1;"{""id"":129,""parentId"":0,""regionId"":135,""name"":""Великий Устюг"",""administrative"":0,""okato"":""19410000000"",""is_city"":1}";2026-07-01 16:19:35;2026-07-14 16:59:59
195;districts;130;"";135;135;56;135;47;Грязовец;gryazovets;0;1;"";19224501000;0;1;"{""id"":130,""parentId"":0,""regionId"":135,""name"":""Грязовец"",""administrative"":0,""okato"":""19224501000"",""is_city"":1}";2026-07-01 16:19:35;2026-07-14 16:59:59
196;districts;131;"";135;135;56;135;47;Бабаево;babaevo;0;1;"";19205501000;0;1;"{""id"":131,""parentId"":0,""regionId"":135,""name"":""Бабаево"",""administrative"":0,""okato"":""19205501000"",""is_city"":1}";2026-07-01 16:19:35;2026-07-14 16:59:59
197;districts;132;"";135;135;56;135;47;Вытегра;vytegra;0;1;"";19222501000;0;1;"{""id"":132,""parentId"":0,""regionId"":135,""name"":""Вытегра"",""administrative"":0,""okato"":""19222501000"",""is_city"":1}";2026-07-01 16:19:35;2026-07-14 16:59:59
198;districts;134;"";136;136;57;136;48;Борисоглебск;borisoglebsk;0;1;"";20410000000;0;1;"{""id"":134,""parentId"":0,""regionId"":136,""name"":""Борисоглебск"",""administrative"":0,""okato"":""20410000000"",""is_city"":1}";2026-07-01 16:19:35;2026-07-14 16:59:59
199;districts;135;"";136;136;57;136;48;Россошь;rossosh;0;1;"";20247501000;0;1;"{""id"":135,""parentId"":0,""regionId"":136,""name"":""Россошь"",""administrative"":0,""okato"":""20247501000"",""is_city"":1}";2026-07-01 16:19:35;2026-07-14 16:59:59
200;districts;136;"";136;136;57;136;48;Лиски;liski;0;1;"";20221501000;0;1;"{""id"":136,""parentId"":0,""regionId"":136,""name"":""Лиски"",""administrative"":0,""okato"":""20221501000"",""is_city"":1}";2026-07-01 16:19:35;2026-07-14 16:59:59
201;districts;137;"";136;136;57;136;48;Острогожск;ostrogozhsk;0;1;"";20231501000;0;1;"{""id"":137,""parentId"":0,""regionId"":136,""name"":""Острогожск"",""administrative"":0,""okato"":""20231501000"",""is_city"":1}";2026-07-01 16:19:35;2026-07-14 16:59:59
202;districts;138;"";136;136;57;136;48;Нововоронеж;novovoronezh;0;1;"";20427000000;0;1;"{""id"":138,""parentId"":0,""regionId"":136,""name"":""Нововоронеж"",""administrative"":0,""okato"":""20427000000"",""is_city"":1}";2026-07-01 16:19:35;2026-07-14 16:59:59
203;districts;139;"";136;136;57;136;48;Бутурлиновка;buturlinovka;0;1;"";20208501000;0;1;"{""id"":139,""parentId"":0,""regionId"":136,""name"":""Бутурлиновка"",""administrative"":0,""okato"":""20208501000"",""is_city"":1}";2026-07-01 16:19:35;2026-07-14 16:59:59
204;districts;140;"";136;136;57;136;48;Семилуки;semiluki;0;1;"";20249501000;0;1;"{""id"":140,""parentId"":0,""regionId"":136,""name"":""Семилуки"",""administrative"":0,""okato"":""20249501000"",""is_city"":1}";2026-07-01 16:19:35;2026-07-14 16:59:59
205;districts;141;"";136;136;57;136;48;Павловск;pavlovsk;0;1;"";20233501000;0;1;"{""id"":141,""parentId"":0,""regionId"":136,""name"":""Павловск"",""administrative"":0,""okato"":""20233501000"",""is_city"":1}";2026-07-01 16:19:35;2026-07-14 16:59:59
206;districts;142;"";136;136;57;136;48;Калач;kalach;0;1;"";20215501000;0;1;"{""id"":142,""parentId"":0,""regionId"":136,""name"":""Калач"",""administrative"":0,""okato"":""20215501000"",""is_city"":1}";2026-07-01 16:19:35;2026-07-14 16:59:59
207;districts;143;"";136;136;57;136;48;Бобров;bobrov;0;1;"";20204501000;0;1;"{""id"":143,""parentId"":0,""regionId"":136,""name"":""Бобров"",""administrative"":0,""okato"":""20204501000"",""is_city"":1}";2026-07-01 16:19:35;2026-07-14 16:59:59
208;districts;144;"";136;136;57;136;48;Поворино;povorino;0;1;"";20239501000;0;1;"{""id"":144,""parentId"":0,""regionId"":136,""name"":""Поворино"",""administrative"":0,""okato"":""20239501000"",""is_city"":1}";2026-07-01 16:19:35;2026-07-14 16:59:59
209;districts;145;"";136;136;57;136;48;Богучар;boguchar;0;1;"";20205501000;0;1;"{""id"":145,""parentId"":0,""regionId"":136,""name"":""Богучар"",""administrative"":0,""okato"":""20205501000"",""is_city"":1}";2026-07-01 16:19:35;2026-07-14 16:59:59
210;districts;146;"";136;136;57;136;48;Эртиль;ertil;0;1;"";20258501000;0;1;"{""id"":146,""parentId"":0,""regionId"":136,""name"":""Эртиль"",""administrative"":0,""okato"":""20258501000"",""is_city"":1}";2026-07-01 16:19:35;2026-07-14 16:59:59
211;districts;147;"";52;52;6;52;8;Дзержинск;dzerzhinsk;0;1;"";22421000000;0;1;"{""id"":147,""parentId"":0,""regionId"":52,""name"":""Дзержинск"",""administrative"":0,""okato"":""22421000000"",""is_city"":1}";2026-07-01 16:19:35;2026-07-14 16:59:59
212;districts;148;"";52;52;6;52;8;Арзамас;arzamas;0;1;"";22403000000;0;1;"{""id"":148,""parentId"":0,""regionId"":52,""name"":""Арзамас"",""administrative"":0,""okato"":""22403000000"",""is_city"":1}";2026-07-01 16:19:35;2026-07-14 16:59:59
213;districts;149;"";52;52;6;52;8;Саров;sarov;0;1;"";22503000000;0;1;"{""id"":149,""parentId"":0,""regionId"":52,""name"":""Саров"",""administrative"":0,""okato"":""22503000000"",""is_city"":1}";2026-07-01 16:19:35;2026-07-14 16:59:59
214;districts;150;"";52;52;6;52;8;Бор;bor;0;1;"";22412000000;0;1;"{""id"":150,""parentId"":0,""regionId"":52,""name"":""Бор"",""administrative"":0,""okato"":""22412000000"",""is_city"":1}";2026-07-01 16:19:35;2026-07-14 16:59:59
215;districts;151;"";52;52;6;52;8;Кстово;kstovo;0;1;"";22237501000;0;1;"{""id"":151,""parentId"":0,""regionId"":52,""name"":""Кстово"",""administrative"":0,""okato"":""22237501000"",""is_city"":1}";2026-07-01 16:19:35;2026-07-14 16:59:59
216;districts;152;"";52;52;6;52;8;Павлово;pavlovo;0;1;"";22242501000;0;1;"{""id"":152,""parentId"":0,""regionId"":52,""name"":""Павлово"",""administrative"":0,""okato"":""22242501000"",""is_city"":1}";2026-07-01 16:19:35;2026-07-14 16:59:59
217;districts;153;"";52;52;6;52;8;Выкса;vyksa;0;1;"";22415000000;0;1;"{""id"":153,""parentId"":0,""regionId"":52,""name"":""Выкса"",""administrative"":0,""okato"":""22415000000"",""is_city"":1}";2026-07-01 16:19:35;2026-07-14 16:59:59
218;districts;154;"";52;52;6;52;8;Балахна;balakhna;0;1;"";22205501000;0;1;"{""id"":154,""parentId"":0,""regionId"":52,""name"":""Балахна"",""administrative"":0,""okato"":""22205501000"",""is_city"":1}";2026-07-01 16:19:35;2026-07-14 16:59:59
219;districts;155;"";52;52;6;52;8;Заволжье;zavolzhe;0;1;"";22228503000;0;1;"{""id"":155,""parentId"":0,""regionId"":52,""name"":""Заволжье"",""administrative"":0,""okato"":""22228503000"",""is_city"":1}";2026-07-01 16:19:35;2026-07-14 16:59:59
220;districts;156;"";52;52;6;52;8;Городец;gorodets;0;1;"";22228501000;0;1;"{""id"":156,""parentId"":0,""regionId"":52,""name"":""Городец"",""administrative"":0,""okato"":""22228501000"",""is_city"":1}";2026-07-01 16:19:35;2026-07-14 16:59:59
221;districts;157;"";52;52;6;52;8;Кулебаки;kulebaki;0;1;"";22427000000;0;1;"{""id"":157,""parentId"":0,""regionId"":52,""name"":""Кулебаки"",""administrative"":0,""okato"":""22427000000"",""is_city"":1}";2026-07-01 16:19:35;2026-07-14 16:59:59
222;districts;158;"";52;52;6;52;8;Богородск;bogorodsk;0;1;"";22207501000;0;1;"{""id"":158,""parentId"":0,""regionId"":52,""name"":""Богородск"",""administrative"":0,""okato"":""22207501000"",""is_city"":1}";2026-07-01 16:19:35;2026-07-14 16:59:59
223;districts;159;"";52;52;6;52;8;Семенов;semenov;0;1;"";22437000000;0;1;"{""id"":159,""parentId"":0,""regionId"":52,""name"":""Семенов"",""administrative"":0,""okato"":""22437000000"",""is_city"":1}";2026-07-01 16:19:35;2026-07-14 16:59:59
224;districts;160;"";52;52;6;52;8;Лысково;lyskovo;0;1;"";22240501000;0;1;"{""id"":160,""parentId"":0,""regionId"":52,""name"":""Лысково"",""administrative"":0,""okato"":""22240501000"",""is_city"":1}";2026-07-01 16:19:35;2026-07-14 16:59:59
225;districts;161;"";52;52;6;52;8;Сергач;sergach;0;1;"";22248501000;0;1;"{""id"":161,""parentId"":0,""regionId"":52,""name"":""Сергач"",""administrative"":0,""okato"":""22248501000"",""is_city"":1}";2026-07-01 16:19:35;2026-07-14 17:00:00
226;districts;162;"";52;52;6;52;8;Шахунья;shakhunya;0;1;"";22458000000;0;1;"{""id"":162,""parentId"":0,""regionId"":52,""name"":""Шахунья"",""administrative"":0,""okato"":""22458000000"",""is_city"":1}";2026-07-01 16:19:35;2026-07-14 17:00:00
227;districts;163;"";52;52;6;52;8;Навашино;navashino;0;1;"";22430000000;0;1;"{""id"":163,""parentId"":0,""regionId"":52,""name"":""Навашино"",""administrative"":0,""okato"":""22430000000"",""is_city"":1}";2026-07-01 16:19:35;2026-07-14 17:00:00
228;districts;164;"";52;52;6;52;8;Лукоянов;lukoyanov;0;1;"";22239501000;0;1;"{""id"":164,""parentId"":0,""regionId"":52,""name"":""Лукоянов"",""administrative"":0,""okato"":""22239501000"",""is_city"":1}";2026-07-01 16:19:35;2026-07-14 17:00:00
229;districts;165;"";52;52;6;52;8;Первомайск;pervomaysk;0;1;"";22434000000;0;1;"{""id"":165,""parentId"":0,""regionId"":52,""name"":""Первомайск"",""administrative"":0,""okato"":""22434000000"",""is_city"":1}";2026-07-01 16:19:35;2026-07-14 17:00:00
230;districts;166;"";52;52;6;52;8;Чкаловск;chkalovsk;0;1;"";22442000000;0;1;"{""id"":166,""parentId"":0,""regionId"":52,""name"":""Чкаловск"",""administrative"":0,""okato"":""22442000000"",""is_city"":1}";2026-07-01 16:19:35;2026-07-14 17:00:00
231;districts;167;"";52;52;6;52;8;Урень;uren;0;1;"";22254501000;0;1;"{""id"":167,""parentId"":0,""regionId"":52,""name"":""Урень"",""administrative"":0,""okato"":""22254501000"",""is_city"":1}";2026-07-01 16:19:35;2026-07-14 17:00:00
232;districts;168;"";52;52;6;52;8;Ворсма;vorsma;0;1;"";22242503000;0;1;"{""id"":168,""parentId"":0,""regionId"":52,""name"":""Ворсма"",""administrative"":0,""okato"":""22242503000"",""is_city"":1}";2026-07-01 16:19:35;2026-07-14 17:00:00
233;districts;170;"";105;105;28;105;18;Хасавюрт;khasavyurt;0;1;"";82435000000;0;1;"{""id"":170,""parentId"":0,""regionId"":105,""name"":""Хасавюрт"",""administrative"":0,""okato"":""82435000000"",""is_city"":1}";2026-07-01 16:19:35;2026-07-14 17:00:00
234;districts;171;"";105;105;28;105;18;Дербент;derbent;0;1;"";82410000000;0;1;"{""id"":171,""parentId"":0,""regionId"":105,""name"":""Дербент"",""administrative"":0,""okato"":""82410000000"",""is_city"":1}";2026-07-01 16:19:35;2026-07-14 17:00:00
235;districts;172;"";105;105;28;105;18;Каспийск;kaspiysk;0;1;"";82420000000;0;1;"{""id"":172,""parentId"":0,""regionId"":105,""name"":""Каспийск"",""administrative"":0,""okato"":""82420000000"",""is_city"":1}";2026-07-01 16:19:35;2026-07-14 17:00:00
236;districts;173;"";105;105;28;105;18;Буйнакск;buynaksk;0;1;"";82405000000;0;1;"{""id"":173,""parentId"":0,""regionId"":105,""name"":""Буйнакск"",""administrative"":0,""okato"":""82405000000"",""is_city"":1}";2026-07-01 16:19:35;2026-07-14 17:00:00
237;districts;174;"";105;105;28;105;18;Избербаш;izberbash;0;1;"";82415000000;0;1;"{""id"":174,""parentId"":0,""regionId"":105,""name"":""Избербаш"",""administrative"":0,""okato"":""82415000000"",""is_city"":1}";2026-07-01 16:19:35;2026-07-14 17:00:00
238;districts;175;"";105;105;28;105;18;Кизляр;kizlyar;0;1;"";82430000000;0;1;"{""id"":175,""parentId"":0,""regionId"":105,""name"":""Кизляр"",""administrative"":0,""okato"":""82430000000"",""is_city"":1}";2026-07-01 16:19:35;2026-07-14 17:00:00
239;districts;176;"";105;105;28;105;18;Кизилюрт;kizilyurt;0;1;"";82425000000;0;1;"{""id"":176,""parentId"":0,""regionId"":105,""name"":""Кизилюрт"",""administrative"":0,""okato"":""82425000000"",""is_city"":1}";2026-07-01 16:19:35;2026-07-14 17:00:00
240;districts;177;"";105;105;28;105;18;Дагестанские Огни;dagestanskie-ogni;0;1;"";82408000000;0;1;"{""id"":177,""parentId"":0,""regionId"":105,""name"":""Дагестанские Огни"",""administrative"":0,""okato"":""82408000000"",""is_city"":1}";2026-07-01 16:19:35;2026-07-14 17:00:00
241;districts;178;"";105;105;28;105;18;Южно-Сухокумск;yuzhno-sukhokumsk;0;1;"";82438000000;0;1;"{""id"":178,""parentId"":0,""regionId"":105,""name"":""Южно-Сухокумск"",""administrative"":0,""okato"":""82438000000"",""is_city"":1}";2026-07-01 16:19:35;2026-07-14 17:00:00
242;districts;180;"";179;179;89;179;80;Облучье;obluche;0;1;"";99220501000;0;1;"{""id"":180,""parentId"":0,""regionId"":179,""name"":""Облучье"",""administrative"":0,""okato"":""99220501000"",""is_city"":1}";2026-07-01 16:19:35;2026-07-14 17:00:00
243;districts;182;"";175;175;87;175;78;Краснокаменск;krasnokamensk;0;1;"";76221501000;0;1;"{""id"":182,""parentId"":0,""regionId"":175,""name"":""Краснокаменск"",""administrative"":0,""okato"":""76221501000"",""is_city"":1}";2026-07-01 16:19:35;2026-07-14 17:00:00
244;districts;183;"";175;175;87;175;78;Борзя;borzya;0;1;"";76209501000;0;1;"{""id"":183,""parentId"":0,""regionId"":175,""name"":""Борзя"",""administrative"":0,""okato"":""76209501000"",""is_city"":1}";2026-07-01 16:19:35;2026-07-14 17:00:00
245;districts;184;"";175;175;87;175;78;Петровск-Забайкальский;petrovsk-zabaykalskiy;0;1;"";76236501000;0;1;"{""id"":184,""parentId"":0,""regionId"":175,""name"":""Петровск-Забайкальский"",""administrative"":0,""okato"":""76236501000"",""is_city"":1}";2026-07-01 16:19:35;2026-07-14 17:00:00
246;districts;185;"";175;175;87;175;78;Нерчинск;nerchinsk;0;1;"";76228501000;0;1;"{""id"":185,""parentId"":0,""regionId"":175,""name"":""Нерчинск"",""administrative"":0,""okato"":""76228501000"",""is_city"":1}";2026-07-01 16:19:35;2026-07-14 17:00:00
247;districts;186;"";175;175;87;175;78;Шилка;shilka;0;1;"";76254501000;0;1;"{""id"":186,""parentId"":0,""regionId"":175,""name"":""Шилка"",""administrative"":0,""okato"":""76254501000"",""is_city"":1}";2026-07-01 16:19:35;2026-07-14 17:00:00
248;districts;187;"";175;175;87;175;78;Могоча;mogocha;0;1;"";76226501000;0;1;"{""id"":187,""parentId"":0,""regionId"":175,""name"":""Могоча"",""administrative"":0,""okato"":""76226501000"",""is_city"":1}";2026-07-01 16:19:35;2026-07-14 17:00:00
249;districts;188;"";175;175;87;175;78;Балей;baley;0;1;"";76206501000;0;1;"{""id"":188,""parentId"":0,""regionId"":175,""name"":""Балей"",""administrative"":0,""okato"":""76206501000"",""is_city"":1}";2026-07-01 16:19:35;2026-07-14 17:00:00
250;districts;189;"";175;175;87;175;78;Хилок;khilok;0;1;"";76247501000;0;1;"{""id"":189,""parentId"":0,""regionId"":175,""name"":""Хилок"",""administrative"":0,""okato"":""76247501000"",""is_city"":1}";2026-07-01 16:19:35;2026-07-14 17:00:00
251;districts;191;"";137;137;58;137;49;Кинешма;kineshma;0;1;"";24405000000;0;1;"{""id"":191,""parentId"":0,""regionId"":137,""name"":""Кинешма"",""administrative"":0,""okato"":""24405000000"",""is_city"":1}";2026-07-01 16:19:35;2026-07-14 17:00:00
252;districts;192;"";137;137;58;137;49;Шуя;shuya;0;1;"";24411000000;0;1;"{""id"":192,""parentId"":0,""regionId"":137,""name"":""Шуя"",""administrative"":0,""okato"":""24411000000"",""is_city"":1}";2026-07-01 16:19:35;2026-07-14 17:00:00
253;districts;193;"";137;137;58;137;49;Вичуга;vichuga;0;1;"";24403000000;0;1;"{""id"":193,""parentId"":0,""regionId"":137,""name"":""Вичуга"",""administrative"":0,""okato"":""24403000000"",""is_city"":1}";2026-07-01 16:19:35;2026-07-14 17:00:00
254;districts;194;"";137;137;58;137;49;Фурманов;furmanov;0;1;"";24409000000;0;1;"{""id"":194,""parentId"":0,""regionId"":137,""name"":""Фурманов"",""administrative"":0,""okato"":""24409000000"",""is_city"":1}";2026-07-01 16:19:35;2026-07-14 17:00:00
255;districts;195;"";137;137;58;137;49;Тейково;teykovo;0;1;"";24407000000;0;1;"{""id"":195,""parentId"":0,""regionId"":137,""name"":""Тейково"",""administrative"":0,""okato"":""24407000000"",""is_city"":1}";2026-07-01 16:19:35;2026-07-14 17:00:00
256;districts;196;"";137;137;58;137;49;Кохма;kokhma;0;1;"";24207504000;0;1;"{""id"":196,""parentId"":0,""regionId"":137,""name"":""Кохма"",""administrative"":0,""okato"":""24207504000"",""is_city"":1}";2026-07-01 16:19:35;2026-07-14 17:00:00
257;districts;197;"";137;137;58;137;49;Родники;rodniki;0;1;"";24223501000;0;1;"{""id"":197,""parentId"":0,""regionId"":137,""name"":""Родники"",""administrative"":0,""okato"":""24223501000"",""is_city"":1}";2026-07-01 16:19:35;2026-07-14 17:00:00
258;districts;198;"";137;137;58;137;49;Приволжск;privolzhsk;0;1;"";24220506000;0;1;"{""id"":198,""parentId"":0,""regionId"":137,""name"":""Приволжск"",""administrative"":0,""okato"":""24220506000"",""is_city"":1}";2026-07-01 16:19:36;2026-07-14 17:00:00
259;districts;199;"";137;137;58;137;49;Южа;yuzha;0;1;"";24235501000;0;1;"{""id"":199,""parentId"":0,""regionId"":137,""name"":""Южа"",""administrative"":0,""okato"":""24235501000"",""is_city"":1}";2026-07-01 16:19:36;2026-07-14 17:00:00
260;districts;200;"";137;137;58;137;49;Заволжск;zavolzhsk;0;1;"";24205501000;0;1;"{""id"":200,""parentId"":0,""regionId"":137,""name"":""Заволжск"",""administrative"":0,""okato"":""24205501000"",""is_city"":1}";2026-07-01 16:19:36;2026-07-14 17:00:00
261;districts;201;"";137;137;58;137;49;Юрьевец;yurevets;0;1;"";24237501000;0;1;"{""id"":201,""parentId"":0,""regionId"":137,""name"":""Юрьевец"",""administrative"":0,""okato"":""24237501000"",""is_city"":1}";2026-07-01 16:19:36;2026-07-14 17:00:00
262;districts;202;"";106;106;29;106;19;Назрань;nazran;0;1;"";26406000000;0;1;"{""id"":202,""parentId"":0,""regionId"":106,""name"":""Назрань"",""administrative"":0,""okato"":""26406000000"",""is_city"":1}";2026-07-01 16:19:36;2026-07-14 17:00:00
263;districts;203;"";106;106;29;106;19;Карабулак;karabulak;0;1;"";26408000000;0;1;"{""id"":203,""parentId"":0,""regionId"":106,""name"":""Карабулак"",""administrative"":0,""okato"":""26408000000"",""is_city"":1}";2026-07-01 16:19:36;2026-07-14 17:00:00
264;districts;204;"";106;106;29;106;19;Малгобек;malgobek;0;1;"";26405000000;0;1;"{""id"":204,""parentId"":0,""regionId"":106,""name"":""Малгобек"",""administrative"":0,""okato"":""26405000000"",""is_city"":1}";2026-07-01 16:19:36;2026-07-14 17:00:00
265;districts;207;"";138;138;59;138;50;Братск;bratsk;0;1;"";25414000000;0;1;"{""id"":207,""parentId"":0,""regionId"":138,""name"":""Братск"",""administrative"":0,""okato"":""25414000000"",""is_city"":1}";2026-07-01 16:19:36;2026-07-14 17:00:00
266;districts;208;"";138;138;59;138;50;Ангарск;angarsk;0;1;"";25203501000;0;1;"{""id"":208,""parentId"":0,""regionId"":138,""name"":""Ангарск"",""administrative"":0,""okato"":""25203501000"",""is_city"":1}";2026-07-01 16:19:36;2026-07-14 17:00:00
267;districts;209;"";138;138;59;138;50;Усть-Илимск;ust-ilimsk;0;1;"";25438000000;0;1;"{""id"":209,""parentId"":0,""regionId"":138,""name"":""Усть-Илимск"",""administrative"":0,""okato"":""25438000000"",""is_city"":1}";2026-07-01 16:19:36;2026-07-14 17:00:00
268;districts;210;"";138;138;59;138;50;Усолье-Сибирское;usole-sibirskoe;0;1;"";25436000000;0;1;"{""id"":210,""parentId"":0,""regionId"":138,""name"":""Усолье-Сибирское"",""administrative"":0,""okato"":""25436000000"",""is_city"":1}";2026-07-01 16:19:36;2026-07-14 17:00:00
269;districts;211;"";138;138;59;138;50;Черемхово;cheremkhovo;0;1;"";25445000000;0;1;"{""id"":211,""parentId"":0,""regionId"":138,""name"":""Черемхово"",""administrative"":0,""okato"":""25445000000"",""is_city"":1}";2026-07-01 16:19:36;2026-07-14 17:00:00
270;districts;212;"";138;138;59;138;50;Шелехов;shelekhov;0;1;"";25255501000;0;1;"{""id"":212,""parentId"":0,""regionId"":138,""name"":""Шелехов"",""administrative"":0,""okato"":""25255501000"",""is_city"":1}";2026-07-01 16:19:36;2026-07-14 17:00:00
271;districts;213;"";138;138;59;138;50;Усть-Кут;ust-kut;0;1;"";25244501000;0;1;"{""id"":213,""parentId"":0,""regionId"":138,""name"":""Усть-Кут"",""administrative"":0,""okato"":""25244501000"",""is_city"":1}";2026-07-01 16:19:36;2026-07-14 17:00:00
272;districts;214;"";138;138;59;138;50;Тулун;tulun;0;1;"";25432000000;0;1;"{""id"":214,""parentId"":0,""regionId"":138,""name"":""Тулун"",""administrative"":0,""okato"":""25432000000"",""is_city"":1}";2026-07-01 16:19:36;2026-07-14 17:00:00
273;districts;215;"";138;138;59;138;50;Саянск;sayansk;0;1;"";25426000000;0;1;"{""id"":215,""parentId"":0,""regionId"":138,""name"":""Саянск"",""administrative"":0,""okato"":""25426000000"",""is_city"":1}";2026-07-01 16:19:36;2026-07-14 17:00:00
274;districts;216;"";138;138;59;138;50;Нижнеудинск;nizhneudinsk;0;1;"";25228501000;0;1;"{""id"":216,""parentId"":0,""regionId"":138,""name"":""Нижнеудинск"",""administrative"":0,""okato"":""25228501000"",""is_city"":1}";2026-07-01 16:19:36;2026-07-14 17:00:00
275;districts;217;"";138;138;59;138;50;Тайшет;tayshet;0;1;"";25236501000;0;1;"{""id"":217,""parentId"":0,""regionId"":138,""name"":""Тайшет"",""administrative"":0,""okato"":""25236501000"",""is_city"":1}";2026-07-01 16:19:36;2026-07-14 17:00:00
276;districts;218;"";138;138;59;138;50;Зима;zima;0;1;"";25420000000;0;1;"{""id"":218,""parentId"":0,""regionId"":138,""name"":""Зима"",""administrative"":0,""okato"":""25420000000"",""is_city"":1}";2026-07-01 16:19:36;2026-07-14 17:00:00
277;districts;219;"";138;138;59;138;50;Железногорск-Илимский;zheleznogorsk-ilimskiy;0;1;"";25226501000;0;1;"{""id"":219,""parentId"":0,""regionId"":138,""name"":""Железногорск-Илимский"",""administrative"":0,""okato"":""25226501000"",""is_city"":1}";2026-07-01 16:19:36;2026-07-14 17:00:00
278;districts;220;"";138;138;59;138;50;Вихоревка;vikhorevka;0;1;"";25204503000;0;1;"{""id"":220,""parentId"":0,""regionId"":138,""name"":""Вихоревка"",""administrative"":0,""okato"":""25204503000"",""is_city"":1}";2026-07-01 16:19:36;2026-07-14 17:00:00
279;districts;221;"";138;138;59;138;50;Слюдянка;slyudyanka;0;1;"";25234501000;0;1;"{""id"":221,""parentId"":0,""regionId"":138,""name"":""Слюдянка"",""administrative"":0,""okato"":""25234501000"",""is_city"":1}";2026-07-01 16:19:36;2026-07-14 17:00:00
280;districts;222;"";138;138;59;138;50;Бодайбо;bodaybo;0;1;"";25202501000;0;1;"{""id"":222,""parentId"":0,""regionId"":138,""name"":""Бодайбо"",""administrative"":0,""okato"":""25202501000"",""is_city"":1}";2026-07-01 16:19:36;2026-07-14 17:00:00
281;districts;223;"";138;138;59;138;50;Байкальск;baykalsk;0;1;"";25234508000;0;1;"{""id"":223,""parentId"":0,""regionId"":138,""name"":""Байкальск"",""administrative"":0,""okato"":""25234508000"",""is_city"":1}";2026-07-01 16:19:36;2026-07-14 17:00:00
282;districts;224;"";138;138;59;138;50;Свирск;svirsk;0;1;"";25427000000;0;1;"{""id"":224,""parentId"":0,""regionId"":138,""name"":""Свирск"",""administrative"":0,""okato"":""25427000000"",""is_city"":1}";2026-07-01 16:19:36;2026-07-14 17:00:00
283;districts;227;"";107;107;30;107;20;Прохладный;prokhladnyy;0;1;"";83410000000;0;1;"{""id"":227,""parentId"":0,""regionId"":107,""name"":""Прохладный"",""administrative"":0,""okato"":""83410000000"",""is_city"":1}";2026-07-01 16:19:36;2026-07-14 17:00:00
284;districts;228;"";107;107;30;107;20;Баксан;baksan;0;1;"";83403000000;0;1;"{""id"":228,""parentId"":0,""regionId"":107,""name"":""Баксан"",""administrative"":0,""okato"":""83403000000"",""is_city"":1}";2026-07-01 16:19:36;2026-07-14 17:00:00
285;districts;229;"";107;107;30;107;20;Нарткала;nartkala;0;1;"";83240501000;0;1;"{""id"":229,""parentId"":0,""regionId"":107,""name"":""Нарткала"",""administrative"":0,""okato"":""83240501000"",""is_city"":1}";2026-07-01 16:19:36;2026-07-14 17:00:00
286;districts;230;"";107;107;30;107;20;Майский;mayskiy;0;1;"";83220501000;0;1;"{""id"":230,""parentId"":0,""regionId"":107,""name"":""Майский"",""administrative"":0,""okato"":""83220501000"",""is_city"":1}";2026-07-01 16:19:36;2026-07-14 17:00:00
287;districts;231;"";107;107;30;107;20;Тырныауз;tyrnyauz;0;1;"";83248501000;0;1;"{""id"":231,""parentId"":0,""regionId"":107,""name"":""Тырныауз"",""administrative"":0,""okato"":""83248501000"",""is_city"":1}";2026-07-01 16:19:36;2026-07-14 17:00:00
288;districts;232;"";107;107;30;107;20;Терек;terek;0;1;"";83235501000;0;1;"{""id"":232,""parentId"":0,""regionId"":107,""name"":""Терек"",""administrative"":0,""okato"":""83235501000"",""is_city"":1}";2026-07-01 16:19:36;2026-07-14 17:00:00
289;districts;233;"";107;107;30;107;20;Чегем;chegem;0;1;"";83245501000;0;1;"{""id"":233,""parentId"":0,""regionId"":107,""name"":""Чегем"",""administrative"":0,""okato"":""83245501000"",""is_city"":1}";2026-07-01 16:19:36;2026-07-14 17:00:00
290;districts;235;"";139;139;60;139;51;Советск;sovetsk;0;1;"";27430000000;0;1;"{""id"":235,""parentId"":0,""regionId"":139,""name"":""Советск"",""administrative"":0,""okato"":""27430000000"",""is_city"":1}";2026-07-01 16:19:36;2026-07-14 17:00:00
291;districts;236;"";139;139;60;139;51;Черняховск;chernyakhovsk;0;1;"";27239501000;0;1;"{""id"":236,""parentId"":0,""regionId"":139,""name"":""Черняховск"",""administrative"":0,""okato"":""27239501000"",""is_city"":1}";2026-07-01 16:19:36;2026-07-14 17:00:00
292;districts;237;"";139;139;60;139;51;Балтийск;baltiysk;0;1;"";27405000000;0;1;"{""id"":237,""parentId"":0,""regionId"":139,""name"":""Балтийск"",""administrative"":0,""okato"":""27405000000"",""is_city"":1}";2026-07-01 16:19:36;2026-07-14 17:00:00
293;districts;238;"";139;139;60;139;51;Гусев;gusev;0;1;"";27212501000;0;1;"{""id"":238,""parentId"":0,""regionId"":139,""name"":""Гусев"",""administrative"":0,""okato"":""27212501000"",""is_city"":1}";2026-07-01 16:19:36;2026-07-14 17:00:00
294;districts;239;"";139;139;60;139;51;Светлый;svetlyy;0;1;"";27425000000;0;1;"{""id"":239,""parentId"":0,""regionId"":139,""name"":""Светлый"",""administrative"":0,""okato"":""27425000000"",""is_city"":1}";2026-07-01 16:19:36;2026-07-14 17:00:00
295;districts;240;"";139;139;60;139;51;Гвардейск;gvardeysk;0;1;"";27206501000;0;1;"{""id"":240,""parentId"":0,""regionId"":139,""name"":""Гвардейск"",""administrative"":0,""okato"":""27206501000"",""is_city"":1}";2026-07-01 16:19:36;2026-07-14 17:00:00
296;districts;241;"";139;139;60;139;51;Зеленоградск;zelenogradsk;0;1;"";27215501000;0;1;"{""id"":241,""parentId"":0,""regionId"":139,""name"":""Зеленоградск"",""administrative"":0,""okato"":""27215501000"",""is_city"":1}";2026-07-01 16:19:36;2026-07-14 17:00:00
297;districts;242;"";139;139;60;139;51;Гурьевск;gurevsk;0;1;"";27209501000;0;1;"{""id"":242,""parentId"":0,""regionId"":139,""name"":""Гурьевск"",""administrative"":0,""okato"":""27209501000"",""is_city"":1}";2026-07-01 16:19:36;2026-07-14 17:00:00
298;districts;243;"";139;139;60;139;51;Неман;neman;0;1;"";27221501000;0;1;"{""id"":243,""parentId"":0,""regionId"":139,""name"":""Неман"",""administrative"":0,""okato"":""27221501000"",""is_city"":1}";2026-07-01 16:19:36;2026-07-14 17:00:00
299;districts;244;"";139;139;60;139;51;Пионерский;pionerskiy;0;1;"";27417000000;0;1;"{""id"":244,""parentId"":0,""regionId"":139,""name"":""Пионерский"",""administrative"":0,""okato"":""27417000000"",""is_city"":1}";2026-07-01 16:19:36;2026-07-14 17:00:00
300;districts;245;"";139;139;60;139;51;Светлогорск;svetlogorsk;0;1;"";27420000000;0;1;"{""id"":245,""parentId"":0,""regionId"":139,""name"":""Светлогорск"",""administrative"":0,""okato"":""27420000000"",""is_city"":1}";2026-07-01 16:19:36;2026-07-14 17:00:00
301;districts;247;"";108;108;31;108;21;Лагань;lagan;0;1;"";85215501000;0;1;"{""id"":247,""parentId"":0,""regionId"":108,""name"":""Лагань"",""administrative"":0,""okato"":""85215501000"",""is_city"":1}";2026-07-01 16:19:36;2026-07-14 17:00:00
302;districts;249;"";140;140;61;140;52;Обнинск;obninsk;0;1;"";29415000000;0;1;"{""id"":249,""parentId"":0,""regionId"":140,""name"":""Обнинск"",""administrative"":0,""okato"":""29415000000"",""is_city"":1}";2026-07-01 16:19:36;2026-07-14 17:00:00
303;districts;250;"";140;140;61;140;52;Людиново;lyudinovo;0;1;"";29220501000;0;1;"{""id"":250,""parentId"":0,""regionId"":140,""name"":""Людиново"",""administrative"":0,""okato"":""29220501000"",""is_city"":1}";2026-07-01 16:19:36;2026-07-14 17:00:00
304;districts;252;"";140;140;61;140;52;Малоярославец;maloyaroslavets;0;1;"";29223501000;0;1;"{""id"":252,""parentId"":0,""regionId"":140,""name"":""Малоярославец"",""administrative"":0,""okato"":""29223501000"",""is_city"":1}";2026-07-01 16:19:36;2026-07-14 17:00:00
305;districts;253;"";140;140;61;140;52;Балабаново;balabanovo;0;1;"";29206505000;0;1;"{""id"":253,""parentId"":0,""regionId"":140,""name"":""Балабаново"",""administrative"":0,""okato"":""29206505000"",""is_city"":1}";2026-07-01 16:19:36;2026-07-14 17:00:00
306;districts;254;"";140;140;61;140;52;Козельск;kozelsk;0;1;"";29216501000;0;1;"{""id"":254,""parentId"":0,""regionId"":140,""name"":""Козельск"",""administrative"":0,""okato"":""29216501000"",""is_city"":1}";2026-07-01 16:19:36;2026-07-14 17:00:00
307;districts;255;"";140;140;61;140;52;Кондрово;kondrovo;0;1;"";29208501000;0;1;"{""id"":255,""parentId"":0,""regionId"":140,""name"":""Кондрово"",""administrative"":0,""okato"":""29208501000"",""is_city"":1}";2026-07-01 16:19:36;2026-07-14 17:00:00
308;districts;256;"";140;140;61;140;52;Сухиничи;sukhinichi;0;1;"";29236501000;0;1;"{""id"":256,""parentId"":0,""regionId"":140,""name"":""Сухиничи"",""administrative"":0,""okato"":""29236501000"",""is_city"":1}";2026-07-01 16:19:36;2026-07-14 17:00:00
309;districts;257;"";140;140;61;140;52;Сосенский;sosenskiy;0;1;"";29216504000;0;1;"{""id"":257,""parentId"":0,""regionId"":140,""name"":""Сосенский"",""administrative"":0,""okato"":""29216504000"",""is_city"":1}";2026-07-01 16:19:36;2026-07-14 17:00:00
310;districts;258;"";140;140;61;140;52;Боровск;borovsk;0;1;"";29206501000;0;1;"{""id"":258,""parentId"":0,""regionId"":140,""name"":""Боровск"",""administrative"":0,""okato"":""29206501000"",""is_city"":1}";2026-07-01 16:19:36;2026-07-14 17:00:00
311;districts;259;"";140;140;61;140;52;Жуков;zhukov;0;1;"";29213501000;0;1;"{""id"":259,""parentId"":0,""regionId"":140,""name"":""Жуков"",""administrative"":0,""okato"":""29213501000"",""is_city"":1}";2026-07-01 16:19:36;2026-07-14 17:00:00
312;districts;261;"";141;141;62;141;53;Елизово;elizovo;0;1;"";30402000000;0;1;"{""id"":261,""parentId"":0,""regionId"":141,""name"":""Елизово"",""administrative"":0,""okato"":""30402000000"",""is_city"":1}";2026-07-01 16:19:36;2026-07-14 17:00:00
313;districts;262;"";141;141;62;141;53;Вилючинск;vilyuchinsk;0;1;"";30535000000;0;1;"{""id"":262,""parentId"":0,""regionId"":141,""name"":""Вилючинск"",""administrative"":0,""okato"":""30535000000"",""is_city"":1}";2026-07-01 16:19:36;2026-07-14 17:00:00
314;districts;264;"";109;109;32;109;22;Усть-Джегута;ust-dzheguta;0;1;"";91235501000;0;1;"{""id"":264,""parentId"":0,""regionId"":109,""name"":""Усть-Джегута"",""administrative"":0,""okato"":""91235501000"",""is_city"":1}";2026-07-01 16:19:36;2026-07-14 17:00:00
315;districts;265;"";109;109;32;109;22;Карачаевск;karachaevsk;0;1;"";91405000000;0;1;"{""id"":265,""parentId"":0,""regionId"":109,""name"":""Карачаевск"",""administrative"":0,""okato"":""91405000000"",""is_city"":1}";2026-07-01 16:19:36;2026-07-14 17:00:00
316;districts;267;"";110;110;33;110;23;Кондопога;kondopoga;0;1;"";86215501000;0;1;"{""id"":267,""parentId"":0,""regionId"":110,""name"":""Кондопога"",""administrative"":0,""okato"":""86215501000"",""is_city"":1}";2026-07-01 16:19:36;2026-07-14 17:00:00
317;districts;268;"";110;110;33;110;23;Сегежа;segezha;0;1;"";86245501000;0;1;"{""id"":268,""parentId"":0,""regionId"":110,""name"":""Сегежа"",""administrative"":0,""okato"":""86245501000"",""is_city"":1}";2026-07-01 16:19:36;2026-07-14 17:00:00
318;districts;269;"";110;110;33;110;23;Костомукша;kostomuksha;0;1;"";86406000000;0;1;"{""id"":269,""parentId"":0,""regionId"":110,""name"":""Костомукша"",""administrative"":0,""okato"":""86406000000"",""is_city"":1}";2026-07-01 16:19:36;2026-07-14 17:00:00
319;districts;270;"";110;110;33;110;23;Сортавала;sortavala;0;1;"";86410000000;0;1;"{""id"":270,""parentId"":0,""regionId"":110,""name"":""Сортавала"",""administrative"":0,""okato"":""86410000000"",""is_city"":1}";2026-07-01 16:19:36;2026-07-14 17:00:00
320;districts;271;"";110;110;33;110;23;Медвежьегорск;medvezhegorsk;0;1;"";86224501000;0;1;"{""id"":271,""parentId"":0,""regionId"":110,""name"":""Медвежьегорск"",""administrative"":0,""okato"":""86224501000"",""is_city"":1}";2026-07-01 16:19:36;2026-07-14 17:00:00
321;districts;272;"";110;110;33;110;23;Кемь;kem;0;1;"";86212501000;0;1;"{""id"":272,""parentId"":0,""regionId"":110,""name"":""Кемь"",""administrative"":0,""okato"":""86212501000"",""is_city"":1}";2026-07-01 16:19:36;2026-07-14 17:00:00
322;districts;273;"";110;110;33;110;23;Питкяранта;pitkyaranta;0;1;"";86233501000;0;1;"{""id"":273,""parentId"":0,""regionId"":110,""name"":""Питкяранта"",""administrative"":0,""okato"":""86233501000"",""is_city"":1}";2026-07-01 16:19:36;2026-07-14 17:00:00
323;districts;274;"";110;110;33;110;23;Беломорск;belomorsk;0;1;"";86204501000;0;1;"{""id"":274,""parentId"":0,""regionId"":110,""name"":""Беломорск"",""administrative"":0,""okato"":""86204501000"",""is_city"":1}";2026-07-01 16:19:36;2026-07-14 17:00:00
324;districts;275;"";142;142;63;142;54;Новокузнецк;novokuzneck;0;1;"";32431000000;0;1;"{""id"":275,""parentId"":0,""regionId"":142,""name"":""Новокузнецк"",""administrative"":0,""okato"":""32431000000"",""is_city"":1}";2026-07-01 16:19:36;2026-07-14 17:00:00
325;districts;277;"";142;142;63;142;54;Прокопьевск;prokopevsk;0;1;"";32437000000;0;1;"{""id"":277,""parentId"":0,""regionId"":142,""name"":""Прокопьевск"",""administrative"":0,""okato"":""32437000000"",""is_city"":1}";2026-07-01 16:19:36;2026-07-14 17:00:00
326;districts;278;"";142;142;63;142;54;Междуреченск;mezhdurechensk;0;1;"";32425000000;0;1;"{""id"":278,""parentId"":0,""regionId"":142,""name"":""Междуреченск"",""administrative"":0,""okato"":""32425000000"",""is_city"":1}";2026-07-01 16:19:36;2026-07-14 17:00:00
327;districts;279;"";142;142;63;142;54;Ленинск-Кузнецкий;leninsk-kuznetskiy;0;1;"";32419000000;0;1;"{""id"":279,""parentId"":0,""regionId"":142,""name"":""Ленинск-Кузнецкий"",""administrative"":0,""okato"":""32419000000"",""is_city"":1}";2026-07-01 16:19:36;2026-07-14 17:00:00
328;districts;280;"";142;142;63;142;54;Киселевск;kiselevsk;0;1;"";32416000000;0;1;"{""id"":280,""parentId"":0,""regionId"":142,""name"":""Киселевск"",""administrative"":0,""okato"":""32416000000"",""is_city"":1}";2026-07-01 16:19:36;2026-07-14 17:00:00
329;districts;281;"";142;142;63;142;54;Анжеро-Судженск;anzhero-sudzhensk;0;1;"";32404000000;0;1;"{""id"":281,""parentId"":0,""regionId"":142,""name"":""Анжеро-Судженск"",""administrative"":0,""okato"":""32404000000"",""is_city"":1}";2026-07-01 16:19:37;2026-07-14 17:00:00
330;districts;282;"";142;142;63;142;54;Белово;belovo;0;1;"";32407000000;0;1;"{""id"":282,""parentId"":0,""regionId"":142,""name"":""Белово"",""administrative"":0,""okato"":""32407000000"",""is_city"":1}";2026-07-01 16:19:37;2026-07-14 17:00:00
331;districts;283;"";142;142;63;142;54;Юрга;yurga;0;1;"";32449000000;0;1;"{""id"":283,""parentId"":0,""regionId"":142,""name"":""Юрга"",""administrative"":0,""okato"":""32449000000"",""is_city"":1}";2026-07-01 16:19:37;2026-07-14 17:00:00
332;districts;284;"";142;142;63;142;54;Березовский;berezovskiy;0;1;"";32410000000;0;1;"{""id"":284,""parentId"":0,""regionId"":142,""name"":""Березовский"",""administrative"":0,""okato"":""32410000000"",""is_city"":1}";2026-07-01 16:19:37;2026-07-14 17:00:00
333;districts;285;"";142;142;63;142;54;Осинники;osinniki;0;1;"";32434000000;0;1;"{""id"":285,""parentId"":0,""regionId"":142,""name"":""Осинники"",""administrative"":0,""okato"":""32434000000"",""is_city"":1}";2026-07-01 16:19:37;2026-07-14 17:00:00
334;districts;286;"";142;142;63;142;54;Мыски;myski;0;1;"";32428000000;0;1;"{""id"":286,""parentId"":0,""regionId"":142,""name"":""Мыски"",""administrative"":0,""okato"":""32428000000"",""is_city"":1}";2026-07-01 16:19:37;2026-07-14 17:00:00
335;districts;287;"";142;142;63;142;54;Мариинск;mariinsk;0;1;"";32422000000;0;1;"{""id"":287,""parentId"":0,""regionId"":142,""name"":""Мариинск"",""administrative"":0,""okato"":""32422000000"",""is_city"":1}";2026-07-01 16:19:37;2026-07-14 17:00:00
336;districts;288;"";142;142;63;142;54;Топки;topki;0;1;"";32446000000;0;1;"{""id"":288,""parentId"":0,""regionId"":142,""name"":""Топки"",""administrative"":0,""okato"":""32446000000"",""is_city"":1}";2026-07-01 16:19:37;2026-07-14 17:00:01
337;districts;289;"";142;142;63;142;54;Полысаево;polysaevo;0;1;"";32435000000;0;1;"{""id"":289,""parentId"":0,""regionId"":142,""name"":""Полысаево"",""administrative"":0,""okato"":""32435000000"",""is_city"":1}";2026-07-01 16:19:37;2026-07-14 17:00:01
338;districts;290;"";142;142;63;142;54;Тайга;tayga;0;1;"";32440000000;0;1;"{""id"":290,""parentId"":0,""regionId"":142,""name"":""Тайга"",""administrative"":0,""okato"":""32440000000"",""is_city"":1}";2026-07-01 16:19:37;2026-07-14 17:00:01
339;districts;291;"";142;142;63;142;54;Гурьевск;gurevsk;0;1;"";32413000000;0;1;"{""id"":291,""parentId"":0,""regionId"":142,""name"":""Гурьевск"",""administrative"":0,""okato"":""32413000000"",""is_city"":1}";2026-07-01 16:19:37;2026-07-14 17:00:01
340;districts;292;"";142;142;63;142;54;Таштагол;tashtagol;0;1;"";32443000000;0;1;"{""id"":292,""parentId"":0,""regionId"":142,""name"":""Таштагол"",""administrative"":0,""okato"":""32443000000"",""is_city"":1}";2026-07-01 16:19:37;2026-07-14 17:00:01
341;districts;293;"";142;142;63;142;54;Калтан;kaltan;0;1;"";32415000000;0;1;"{""id"":293,""parentId"":0,""regionId"":142,""name"":""Калтан"",""administrative"":0,""okato"":""32415000000"",""is_city"":1}";2026-07-01 16:19:37;2026-07-14 17:00:01
342;districts;294;"";143;143;64;143;55;Кирово-Чепецк;kirovo-chepetsk;0;1;"";33407000000;0;1;"{""id"":294,""parentId"":0,""regionId"":143,""name"":""Кирово-Чепецк"",""administrative"":0,""okato"":""33407000000"",""is_city"":1}";2026-07-01 16:19:37;2026-07-14 17:00:01
343;districts;295;"";143;143;64;143;55;Вятские Поляны;vyatskie-polyany;0;1;"";33404000000;0;1;"{""id"":295,""parentId"":0,""regionId"":143,""name"":""Вятские Поляны"",""administrative"":0,""okato"":""33404000000"",""is_city"":1}";2026-07-01 16:19:37;2026-07-14 17:00:01
344;districts;296;"";143;143;64;143;55;Слободской;slobodskoy;0;1;"";33413000000;0;1;"{""id"":296,""parentId"":0,""regionId"":143,""name"":""Слободской"",""administrative"":0,""okato"":""33413000000"",""is_city"":1}";2026-07-01 16:19:37;2026-07-14 17:00:01
345;districts;297;"";143;143;64;143;55;Котельнич;kotelnich;0;1;"";33410000000;0;1;"{""id"":297,""parentId"":0,""regionId"":143,""name"":""Котельнич"",""administrative"":0,""okato"":""33410000000"",""is_city"":1}";2026-07-01 16:19:37;2026-07-14 17:00:01
346;districts;298;"";143;143;64;143;55;Омутнинск;omutninsk;0;1;"";33228501000;0;1;"{""id"":298,""parentId"":0,""regionId"":143,""name"":""Омутнинск"",""administrative"":0,""okato"":""33228501000"",""is_city"":1}";2026-07-01 16:19:37;2026-07-14 17:00:01
347;districts;299;"";143;143;64;143;55;Яранск;yaransk;0;1;"";33250501000;0;1;"{""id"":299,""parentId"":0,""regionId"":143,""name"":""Яранск"",""administrative"":0,""okato"":""33250501000"",""is_city"":1}";2026-07-01 16:19:37;2026-07-14 17:00:01
348;districts;300;"";143;143;64;143;55;Советск;sovetsk;0;1;"";33236501000;0;1;"{""id"":300,""parentId"":0,""regionId"":143,""name"":""Советск"",""administrative"":0,""okato"":""33236501000"",""is_city"":1}";2026-07-01 16:19:37;2026-07-14 17:00:01
349;districts;301;"";143;143;64;143;55;Сосновка;sosnovka;0;1;"";33210504000;0;1;"{""id"":301,""parentId"":0,""regionId"":143,""name"":""Сосновка"",""administrative"":0,""okato"":""33210504000"",""is_city"":1}";2026-07-01 16:19:37;2026-07-14 17:00:01
350;districts;302;"";143;143;64;143;55;Луза;luza;0;1;"";33222501000;0;1;"{""id"":302,""parentId"":0,""regionId"":143,""name"":""Луза"",""administrative"":0,""okato"":""33222501000"",""is_city"":1}";2026-07-01 16:19:37;2026-07-14 17:00:01
351;districts;303;"";143;143;64;143;55;Белая Холуница;belaya-kholunitsa;0;1;"";33205501000;0;1;"{""id"":303,""parentId"":0,""regionId"":143,""name"":""Белая Холуница"",""administrative"":0,""okato"":""33205501000"",""is_city"":1}";2026-07-01 16:19:37;2026-07-14 17:00:01
352;districts;304;"";143;143;64;143;55;Зуевка;zuevka;0;1;"";33214501000;0;1;"{""id"":304,""parentId"":0,""regionId"":143,""name"":""Зуевка"",""administrative"":0,""okato"":""33214501000"",""is_city"":1}";2026-07-01 16:19:37;2026-07-14 17:00:01
353;districts;306;"";111;111;34;111;24;Ухта;ukhta;0;1;"";87425000000;0;1;"{""id"":306,""parentId"":0,""regionId"":111,""name"":""Ухта"",""administrative"":0,""okato"":""87425000000"",""is_city"":1}";2026-07-01 16:19:37;2026-07-14 17:00:01
354;districts;307;"";111;111;34;111;24;Воркута;vorkuta;0;1;"";87410000000;0;1;"{""id"":307,""parentId"":0,""regionId"":111,""name"":""Воркута"",""administrative"":0,""okato"":""87410000000"",""is_city"":1}";2026-07-01 16:19:37;2026-07-14 17:00:01
355;districts;308;"";111;111;34;111;24;Печора;pechora;0;1;"";87420000000;0;1;"{""id"":308,""parentId"":0,""regionId"":111,""name"":""Печора"",""administrative"":0,""okato"":""87420000000"",""is_city"":1}";2026-07-01 16:19:37;2026-07-14 17:00:01
356;districts;309;"";111;111;34;111;24;Усинск;usinsk;0;1;"";87423000000;0;1;"{""id"":309,""parentId"":0,""regionId"":111,""name"":""Усинск"",""administrative"":0,""okato"":""87423000000"",""is_city"":1}";2026-07-01 16:19:37;2026-07-14 17:00:01
357;districts;310;"";111;111;34;111;24;Сосногорск;sosnogorsk;0;1;"";87422000000;0;1;"{""id"":310,""parentId"":0,""regionId"":111,""name"":""Сосногорск"",""administrative"":0,""okato"":""87422000000"",""is_city"":1}";2026-07-01 16:19:37;2026-07-14 17:00:01
358;districts;311;"";111;111;34;111;24;Инта;inta;0;1;"";87415000000;0;1;"{""id"":311,""parentId"":0,""regionId"":111,""name"":""Инта"",""administrative"":0,""okato"":""87415000000"",""is_city"":1}";2026-07-01 16:19:37;2026-07-14 17:00:01
359;districts;312;"";111;111;34;111;24;Емва;emva;0;1;"";87208501000;0;1;"{""id"":312,""parentId"":0,""regionId"":111,""name"":""Емва"",""administrative"":0,""okato"":""87208501000"",""is_city"":1}";2026-07-01 16:19:37;2026-07-14 17:00:01
360;districts;313;"";111;111;34;111;24;Вуктыл;vuktyl;0;1;"";87412000000;0;1;"{""id"":313,""parentId"":0,""regionId"":111,""name"":""Вуктыл"",""administrative"":0,""okato"":""87412000000"",""is_city"":1}";2026-07-01 16:19:37;2026-07-14 17:00:01
361;districts;315;"";144;144;65;144;56;Буй;buy;0;1;"";34405000000;0;1;"{""id"":315,""parentId"":0,""regionId"":144,""name"":""Буй"",""administrative"":0,""okato"":""34405000000"",""is_city"":1}";2026-07-01 16:19:37;2026-07-14 17:00:01
362;districts;316;"";144;144;65;144;56;Шарья;sharya;0;1;"";34430000000;0;1;"{""id"":316,""parentId"":0,""regionId"":144,""name"":""Шарья"",""administrative"":0,""okato"":""34430000000"",""is_city"":1}";2026-07-01 16:19:37;2026-07-14 17:00:01
363;districts;317;"";144;144;65;144;56;Нерехта;nerekhta;0;1;"";34420000000;0;1;"{""id"":317,""parentId"":0,""regionId"":144,""name"":""Нерехта"",""administrative"":0,""okato"":""34420000000"",""is_city"":1}";2026-07-01 16:19:37;2026-07-14 17:00:01
364;districts;318;"";144;144;65;144;56;Мантурово;manturovo;0;1;"";34414000000;0;1;"{""id"":318,""parentId"":0,""regionId"":144,""name"":""Мантурово"",""administrative"":0,""okato"":""34414000000"",""is_city"":1}";2026-07-01 16:19:37;2026-07-14 17:00:01
365;districts;319;"";144;144;65;144;56;Галич;galich;0;1;"";34408000000;0;1;"{""id"":319,""parentId"":0,""regionId"":144,""name"":""Галич"",""administrative"":0,""okato"":""34408000000"",""is_city"":1}";2026-07-01 16:19:37;2026-07-14 17:00:01
366;districts;320;"";144;144;65;144;56;Волгореченск;volgorechensk;0;1;"";34406000000;0;1;"{""id"":320,""parentId"":0,""regionId"":144,""name"":""Волгореченск"",""administrative"":0,""okato"":""34406000000"",""is_city"":1}";2026-07-01 16:19:37;2026-07-14 17:00:01
367;districts;323;"";123;123;45;123;35;Новороссийск;novorossijsk;0;1;"";"03420000000";0;1;"{""id"":323,""parentId"":0,""regionId"":123,""name"":""Новороссийск"",""administrative"":0,""okato"":""03420000000"",""is_city"":1}";2026-07-01 16:19:37;2026-07-14 17:00:01
368;districts;324;"";123;123;45;123;35;Армавир;armavir;0;1;"";"03405000000";0;1;"{""id"":324,""parentId"":0,""regionId"":123,""name"":""Армавир"",""administrative"":0,""okato"":""03405000000"",""is_city"":1}";2026-07-01 16:19:37;2026-07-14 17:00:01
369;districts;325;"";123;123;45;123;35;Ейск;eysk;0;1;"";"03411000000";0;1;"{""id"":325,""parentId"":0,""regionId"":123,""name"":""Ейск"",""administrative"":0,""okato"":""03411000000"",""is_city"":1}";2026-07-01 16:19:37;2026-07-14 17:00:01
370;districts;326;"";123;123;45;123;35;Кропоткин;kropotkin;0;1;"";"03414000000";0;1;"{""id"":326,""parentId"":0,""regionId"":123,""name"":""Кропоткин"",""administrative"":0,""okato"":""03414000000"",""is_city"":1}";2026-07-01 16:19:37;2026-07-14 17:00:01
371;districts;327;"";123;123;45;123;35;Славянск-на-Кубани;slavyansk-na-kubani;0;1;"";"03423000000";0;1;"{""id"":327,""parentId"":0,""regionId"":123,""name"":""Славянск-на-Кубани"",""administrative"":0,""okato"":""03423000000"",""is_city"":1}";2026-07-01 16:19:37;2026-07-14 17:00:01
372;districts;328;"";123;123;45;123;35;Туапсе;tuapse;0;1;"";"03432000000";0;1;"{""id"":328,""parentId"":0,""regionId"":123,""name"":""Туапсе"",""administrative"":0,""okato"":""03432000000"",""is_city"":1}";2026-07-01 16:19:37;2026-07-14 17:00:01
373;districts;329;"";123;123;45;123;35;Лабинск;labinsk;0;1;"";"03417000000";0;1;"{""id"":329,""parentId"":0,""regionId"":123,""name"":""Лабинск"",""administrative"":0,""okato"":""03417000000"",""is_city"":1}";2026-07-01 16:19:37;2026-07-14 17:00:01
374;districts;330;"";123;123;45;123;35;Тихорецк;tikhoretsk;0;1;"";"03429000000";0;1;"{""id"":330,""parentId"":0,""regionId"":123,""name"":""Тихорецк"",""administrative"":0,""okato"":""03429000000"",""is_city"":1}";2026-07-01 16:19:37;2026-07-14 17:00:01
375;districts;331;"";123;123;45;123;35;Анапа;anapa;0;1;"";"03403000000";0;1;"{""id"":331,""parentId"":0,""regionId"":123,""name"":""Анапа"",""administrative"":0,""okato"":""03403000000"",""is_city"":1}";2026-07-01 16:19:37;2026-07-14 17:00:01
376;districts;332;"";123;123;45;123;35;Крымск;krymsk;0;1;"";"03415000000";0;1;"{""id"":332,""parentId"":0,""regionId"":123,""name"":""Крымск"",""administrative"":0,""okato"":""03415000000"",""is_city"":1}";2026-07-01 16:19:37;2026-07-14 17:00:01
377;districts;333;"";123;123;45;123;35;Геленджик;gelendzhik;0;1;"";"03408000000";0;1;"{""id"":333,""parentId"":0,""regionId"":123,""name"":""Геленджик"",""administrative"":0,""okato"":""03408000000"",""is_city"":1}";2026-07-01 16:19:37;2026-07-14 17:00:01
378;districts;334;"";123;123;45;123;35;Тимашевск;timashevsk;0;1;"";"03253501000";0;1;"{""id"":334,""parentId"":0,""regionId"":123,""name"":""Тимашевск"",""administrative"":0,""okato"":""03253501000"",""is_city"":1}";2026-07-01 16:19:37;2026-07-14 17:00:01
379;districts;335;"";123;123;45;123;35;Белореченск;belorechensk;0;1;"";"03406000000";0;1;"{""id"":335,""parentId"":0,""regionId"":123,""name"":""Белореченск"",""administrative"":0,""okato"":""03406000000"",""is_city"":1}";2026-07-01 16:19:37;2026-07-14 17:00:01
380;districts;336;"";123;123;45;123;35;Курганинск;kurganinsk;0;1;"";"03227501000";0;1;"{""id"":336,""parentId"":0,""regionId"":123,""name"":""Курганинск"",""administrative"":0,""okato"":""03227501000"",""is_city"":1}";2026-07-01 16:19:37;2026-07-14 17:00:01
381;districts;337;"";123;123;45;123;35;Усть-Лабинск;ust-labinsk;0;1;"";"03257501000";0;1;"{""id"":337,""parentId"":0,""regionId"":123,""name"":""Усть-Лабинск"",""administrative"":0,""okato"":""03257501000"",""is_city"":1}";2026-07-01 16:19:37;2026-07-14 17:00:01
382;districts;338;"";123;123;45;123;35;Кореновск;korenovsk;0;1;"";"03221501000";0;1;"{""id"":338,""parentId"":0,""regionId"":123,""name"":""Кореновск"",""administrative"":0,""okato"":""03221501000"",""is_city"":1}";2026-07-01 16:19:37;2026-07-14 17:00:01
383;districts;339;"";123;123;45;123;35;Апшеронск;apsheronsk;0;1;"";"03205501000";0;1;"{""id"":339,""parentId"":0,""regionId"":123,""name"":""Апшеронск"",""administrative"":0,""okato"":""03205501000"",""is_city"":1}";2026-07-01 16:19:37;2026-07-14 17:00:01
384;districts;340;"";123;123;45;123;35;Темрюк;temryuk;0;1;"";"03251501000";0;1;"{""id"":340,""parentId"":0,""regionId"":123,""name"":""Темрюк"",""administrative"":0,""okato"":""03251501000"",""is_city"":1}";2026-07-01 16:19:37;2026-07-14 17:00:01
385;districts;341;"";123;123;45;123;35;Гулькевичи;gulkevichi;0;1;"";"03213501000";0;1;"{""id"":341,""parentId"":0,""regionId"":123,""name"":""Гулькевичи"",""administrative"":0,""okato"":""03213501000"",""is_city"":1}";2026-07-01 16:19:37;2026-07-14 17:00:01
386;districts;342;"";123;123;45;123;35;Абинск;abinsk;0;1;"";"03201501000";0;1;"{""id"":342,""parentId"":0,""regionId"":123,""name"":""Абинск"",""administrative"":0,""okato"":""03201501000"",""is_city"":1}";2026-07-01 16:19:37;2026-07-14 17:00:01
387;districts;343;"";123;123;45;123;35;Новокубанск;novokubansk;0;1;"";"03234501000";0;1;"{""id"":343,""parentId"":0,""regionId"":123,""name"":""Новокубанск"",""administrative"":0,""okato"":""03234501000"",""is_city"":1}";2026-07-01 16:19:37;2026-07-14 17:00:01
388;districts;344;"";123;123;45;123;35;Приморско-Ахтарск;primorsko-akhtarsk;0;1;"";"03241501000";0;1;"{""id"":344,""parentId"":0,""regionId"":123,""name"":""Приморско-Ахтарск"",""administrative"":0,""okato"":""03241501000"",""is_city"":1}";2026-07-01 16:19:37;2026-07-14 17:00:01
389;districts;345;"";123;123;45;123;35;Горячий Ключ;goryachiy-klyuch;0;1;"";"03409000000";0;1;"{""id"":345,""parentId"":0,""regionId"":123,""name"":""Горячий Ключ"",""administrative"":0,""okato"":""03409000000"",""is_city"":1}";2026-07-01 16:19:37;2026-07-14 17:00:01
390;districts;346;"";123;123;45;123;35;Хадыженск;khadyzhensk;0;1;"";"03205509000";0;1;"{""id"":346,""parentId"":0,""regionId"":123,""name"":""Хадыженск"",""administrative"":0,""okato"":""03205509000"",""is_city"":1}";2026-07-01 16:19:37;2026-07-14 17:00:01
391;districts;347;"";124;124;46;124;37;Норильск;norilsk;0;1;"";"04429000000";0;1;"{""id"":347,""parentId"":0,""regionId"":124,""name"":""Норильск"",""administrative"":0,""okato"":""04429000000"",""is_city"":1}";2026-07-01 16:19:37;2026-07-14 17:00:01
392;districts;348;"";124;124;46;124;37;Ачинск;achinsk;0;1;"";"04403000000";0;1;"{""id"":348,""parentId"":0,""regionId"":124,""name"":""Ачинск"",""administrative"":0,""okato"":""04403000000"",""is_city"":1}";2026-07-01 16:19:37;2026-07-14 17:00:01
393;districts;349;"";124;124;46;124;37;Канск;kansk;0;1;"";"04420000000";0;1;"{""id"":349,""parentId"":0,""regionId"":124,""name"":""Канск"",""administrative"":0,""okato"":""04420000000"",""is_city"":1}";2026-07-01 16:19:37;2026-07-14 17:00:01
394;districts;350;"";124;124;46;124;37;Минусинск;minusinsk;0;1;"";"04423000000";0;1;"{""id"":350,""parentId"":0,""regionId"":124,""name"":""Минусинск"",""administrative"":0,""okato"":""04423000000"",""is_city"":1}";2026-07-01 16:19:37;2026-07-14 17:00:01
395;districts;351;"";124;124;46;124;37;Лесосибирск;lesosibirsk;0;1;"";"04422000000";0;1;"{""id"":351,""parentId"":0,""regionId"":124,""name"":""Лесосибирск"",""administrative"":0,""okato"":""04422000000"",""is_city"":1}";2026-07-01 16:19:37;2026-07-14 17:00:01
396;districts;352;"";124;124;46;124;37;Назарово;nazarovo;0;1;"";"04426000000";0;1;"{""id"":352,""parentId"":0,""regionId"":124,""name"":""Назарово"",""administrative"":0,""okato"":""04426000000"",""is_city"":1}";2026-07-01 16:19:37;2026-07-14 17:00:01
397;districts;353;"";124;124;46;124;37;Шарыпово;sharypovo;0;1;"";"04440000000";0;1;"{""id"":353,""parentId"":0,""regionId"":124,""name"":""Шарыпово"",""administrative"":0,""okato"":""04440000000"",""is_city"":1}";2026-07-01 16:19:37;2026-07-14 17:00:01
398;districts;354;"";124;124;46;124;37;Сосновоборск;sosnovoborsk;0;1;"";"04433000000";0;1;"{""id"":354,""parentId"":0,""regionId"":124,""name"":""Сосновоборск"",""administrative"":0,""okato"":""04433000000"",""is_city"":1}";2026-07-01 16:19:37;2026-07-14 17:00:01
399;districts;355;"";124;124;46;124;37;Дивногорск;divnogorsk;0;1;"";"04409000000";0;1;"{""id"":355,""parentId"":0,""regionId"":124,""name"":""Дивногорск"",""administrative"":0,""okato"":""04409000000"",""is_city"":1}";2026-07-01 16:19:37;2026-07-14 17:00:01
400;districts;356;"";124;124;46;124;37;Дудинка;dudinka;0;1;"";"04253501000";0;1;"{""id"":356,""parentId"":0,""regionId"":124,""name"":""Дудинка"",""administrative"":0,""okato"":""04253501000"",""is_city"":1}";2026-07-01 16:19:37;2026-07-14 17:00:01
401;districts;357;"";124;124;46;124;37;Боготол;bogotol;0;1;"";"04406000000";0;1;"{""id"":357,""parentId"":0,""regionId"":124,""name"":""Боготол"",""administrative"":0,""okato"":""04406000000"",""is_city"":1}";2026-07-01 16:19:37;2026-07-14 17:00:01
402;districts;358;"";124;124;46;124;37;Енисейск;eniseysk;0;1;"";"04412000000";0;1;"{""id"":358,""parentId"":0,""regionId"":124,""name"":""Енисейск"",""administrative"":0,""okato"":""04412000000"",""is_city"":1}";2026-07-01 16:19:37;2026-07-14 17:00:01
403;districts;359;"";124;124;46;124;37;Бородино;borodino;0;1;"";"04407000000";0;1;"{""id"":359,""parentId"":0,""regionId"":124,""name"":""Бородино"",""administrative"":0,""okato"":""04407000000"",""is_city"":1}";2026-07-01 16:19:37;2026-07-14 17:00:01
404;districts;360;"";124;124;46;124;37;Иланский;ilanskiy;0;1;"";"04218501000";0;1;"{""id"":360,""parentId"":0,""regionId"":124,""name"":""Иланский"",""administrative"":0,""okato"":""04218501000"",""is_city"":1}";2026-07-01 16:19:37;2026-07-14 17:00:01
405;districts;361;"";124;124;46;124;37;Ужур;uzhur;0;1;"";"04256501000";0;1;"{""id"":361,""parentId"":0,""regionId"":124,""name"":""Ужур"",""administrative"":0,""okato"":""04256501000"",""is_city"":1}";2026-07-01 16:19:37;2026-07-14 17:00:01
406;districts;362;"";124;124;46;124;37;Кодинск;kodinsk;0;1;"";"04224501000";0;1;"{""id"":362,""parentId"":0,""regionId"":124,""name"":""Кодинск"",""administrative"":0,""okato"":""04224501000"",""is_city"":1}";2026-07-01 16:19:37;2026-07-14 17:00:01
407;districts;364;"";145;145;66;145;57;Шадринск;shadrinsk;0;1;"";37405000000;0;1;"{""id"":364,""parentId"":0,""regionId"":145,""name"":""Шадринск"",""administrative"":0,""okato"":""37405000000"",""is_city"":1}";2026-07-01 16:19:37;2026-07-14 17:00:01
408;districts;365;"";145;145;66;145;57;Шумиха;shumikha;0;1;"";37242501000;0;1;"{""id"":365,""parentId"":0,""regionId"":145,""name"":""Шумиха"",""administrative"":0,""okato"":""37242501000"",""is_city"":1}";2026-07-01 16:19:37;2026-07-14 17:00:01
409;districts;366;"";145;145;66;145;57;Куртамыш;kurtamysh;0;1;"";37216501000;0;1;"{""id"":366,""parentId"":0,""regionId"":145,""name"":""Куртамыш"",""administrative"":0,""okato"":""37216501000"",""is_city"":1}";2026-07-01 16:19:37;2026-07-14 17:00:02
410;districts;367;"";145;145;66;145;57;Катайск;kataysk;0;1;"";37212501000;0;1;"{""id"":367,""parentId"":0,""regionId"":145,""name"":""Катайск"",""administrative"":0,""okato"":""37212501000"",""is_city"":1}";2026-07-01 16:19:37;2026-07-14 17:00:02
411;districts;368;"";145;145;66;145;57;Далматово;dalmatovo;0;1;"";37208501000;0;1;"{""id"":368,""parentId"":0,""regionId"":145,""name"":""Далматово"",""administrative"":0,""okato"":""37208501000"",""is_city"":1}";2026-07-01 16:19:37;2026-07-14 17:00:02
412;districts;369;"";145;145;66;145;57;Петухово;petukhovo;0;1;"";37226501000;0;1;"{""id"":369,""parentId"":0,""regionId"":145,""name"":""Петухово"",""administrative"":0,""okato"":""37226501000"",""is_city"":1}";2026-07-01 16:19:37;2026-07-14 17:00:02
413;districts;370;"";145;145;66;145;57;Щучье;shchuche;0;1;"";37244501000;0;1;"{""id"":370,""parentId"":0,""regionId"":145,""name"":""Щучье"",""administrative"":0,""okato"":""37244501000"",""is_city"":1}";2026-07-01 16:19:37;2026-07-14 17:00:02
414;districts;371;"";145;145;66;145;57;Макушино;makushino;0;1;"";37220501000;0;1;"{""id"":371,""parentId"":0,""regionId"":145,""name"":""Макушино"",""administrative"":0,""okato"":""37220501000"",""is_city"":1}";2026-07-01 16:19:37;2026-07-14 17:00:02
415;districts;372;"";146;146;67;146;58;Железногорск;kursk-zheleznogorsk;0;1;"";38405000000;0;1;"{""id"":372,""parentId"":0,""regionId"":146,""name"":""Железногорск"",""administrative"":0,""okato"":""38405000000"",""is_city"":1}";2026-07-01 16:19:37;2026-07-14 17:00:02
416;districts;373;"";146;146;67;146;58;Курчатов;kurchatov;0;1;"";38408000000;0;1;"{""id"":373,""parentId"":0,""regionId"":146,""name"":""Курчатов"",""administrative"":0,""okato"":""38408000000"",""is_city"":1}";2026-07-01 16:19:37;2026-07-14 17:00:02
417;districts;374;"";146;146;67;146;58;Льгов;lgov;0;1;"";38410000000;0;1;"{""id"":374,""parentId"":0,""regionId"":146,""name"":""Льгов"",""administrative"":0,""okato"":""38410000000"",""is_city"":1}";2026-07-01 16:19:37;2026-07-14 17:00:02
418;districts;375;"";146;146;67;146;58;Щигры;shchigry;0;1;"";38415000000;0;1;"{""id"":375,""parentId"":0,""regionId"":146,""name"":""Щигры"",""administrative"":0,""okato"":""38415000000"",""is_city"":1}";2026-07-01 16:19:37;2026-07-14 17:00:02
419;districts;376;"";146;146;67;146;58;Рыльск;rylsk;0;1;"";38234501000;0;1;"{""id"":376,""parentId"":0,""regionId"":146,""name"":""Рыльск"",""administrative"":0,""okato"":""38234501000"",""is_city"":1}";2026-07-01 16:19:37;2026-07-14 17:00:02
420;districts;377;"";146;146;67;146;58;Обоянь;oboyan;0;1;"";38226501000;0;1;"{""id"":377,""parentId"":0,""regionId"":146,""name"":""Обоянь"",""administrative"":0,""okato"":""38226501000"",""is_city"":1}";2026-07-01 16:19:37;2026-07-14 17:00:02
421;districts;378;"";146;146;67;146;58;Дмитриев-Льговский;dmitriev-lgovskiy;0;1;"";38208501000;0;1;"{""id"":378,""parentId"":0,""regionId"":146,""name"":""Дмитриев-Льговский"",""administrative"":0,""okato"":""38208501000"",""is_city"":1}";2026-07-01 16:19:37;2026-07-14 17:00:02
422;districts;379;"";47;47;4;47;6;Гатчина;gatchina;0;1;"";41218501000;0;1;"{""id"":379,""parentId"":0,""regionId"":47,""name"":""Гатчина"",""administrative"":0,""okato"":""41218501000"",""is_city"":1}";2026-07-01 16:19:37;2026-07-14 17:00:02
423;districts;380;"";47;47;4;47;6;Выборг;vyborg;0;1;"";41215501000;0;1;"{""id"":380,""parentId"":0,""regionId"":47,""name"":""Выборг"",""administrative"":0,""okato"":""41215501000"",""is_city"":1}";2026-07-01 16:19:38;2026-07-14 17:00:02
424;districts;381;"";47;47;4;47;6;Сосновый Бор;sosnovyy-bor;0;1;"";41454000000;0;1;"{""id"":381,""parentId"":0,""regionId"":47,""name"":""Сосновый Бор"",""administrative"":0,""okato"":""41454000000"",""is_city"":1}";2026-07-01 16:19:38;2026-07-14 17:00:02
425;districts;382;"";47;47;4;47;6;Всеволожск;vsevolozhsk;0;1;"";41212501000;0;1;"{""id"":382,""parentId"":0,""regionId"":47,""name"":""Всеволожск"",""administrative"":0,""okato"":""41212501000"",""is_city"":1}";2026-07-01 16:19:38;2026-07-14 17:00:02
426;districts;383;"";47;47;4;47;6;Тихвин;tikhvin;0;1;"";41245501000;0;1;"{""id"":383,""parentId"":0,""regionId"":47,""name"":""Тихвин"",""administrative"":0,""okato"":""41245501000"",""is_city"":1}";2026-07-01 16:19:38;2026-07-14 17:00:02
427;districts;384;"";47;47;4;47;6;Кириши;kirishi;0;1;"";41224501000;0;1;"{""id"":384,""parentId"":0,""regionId"":47,""name"":""Кириши"",""administrative"":0,""okato"":""41224501000"",""is_city"":1}";2026-07-01 16:19:38;2026-07-14 17:00:02
428;districts;385;"";47;47;4;47;6;Кингисепп;kingisepp;0;1;"";41221501000;0;1;"{""id"":385,""parentId"":0,""regionId"":47,""name"":""Кингисепп"",""administrative"":0,""okato"":""41221501000"",""is_city"":1}";2026-07-01 16:19:38;2026-07-14 17:00:02
429;districts;386;"";47;47;4;47;6;Сертолово;sertolovo;0;1;"";41212505000;0;1;"{""id"":386,""parentId"":0,""regionId"":47,""name"":""Сертолово"",""administrative"":0,""okato"":""41212505000"",""is_city"":1}";2026-07-01 16:19:38;2026-07-14 17:00:02
430;districts;387;"";47;47;4;47;6;Волхов;volkhov;0;1;"";41209501000;0;1;"{""id"":387,""parentId"":0,""regionId"":47,""name"":""Волхов"",""administrative"":0,""okato"":""41209501000"",""is_city"":1}";2026-07-01 16:19:38;2026-07-14 17:00:02
431;districts;388;"";47;47;4;47;6;Тосно;tosno;0;1;"";41248501000;0;1;"{""id"":388,""parentId"":0,""regionId"":47,""name"":""Тосно"",""administrative"":0,""okato"":""41248501000"",""is_city"":1}";2026-07-01 16:19:38;2026-07-14 17:00:02
432;districts;389;"";47;47;4;47;6;Луга;luga;0;1;"";41233501000;0;1;"{""id"":389,""parentId"":0,""regionId"":47,""name"":""Луга"",""administrative"":0,""okato"":""41233501000"",""is_city"":1}";2026-07-01 16:19:38;2026-07-14 17:00:02
433;districts;390;"";47;47;4;47;6;Сланцы;slantsy;0;1;"";41242501000;0;1;"{""id"":390,""parentId"":0,""regionId"":47,""name"":""Сланцы"",""administrative"":0,""okato"":""41242501000"",""is_city"":1}";2026-07-01 16:19:38;2026-07-14 17:00:02
434;districts;391;"";47;47;4;47;6;Кировск;kirovsk;0;1;"";41225501000;0;1;"{""id"":391,""parentId"":0,""regionId"":47,""name"":""Кировск"",""administrative"":0,""okato"":""41225501000"",""is_city"":1}";2026-07-01 16:19:38;2026-07-14 17:00:02
435;districts;392;"";47;47;4;47;6;Отрадное;otradnoe;0;1;"";41225504000;0;1;"{""id"":392,""parentId"":0,""regionId"":47,""name"":""Отрадное"",""administrative"":0,""okato"":""41225504000"",""is_city"":1}";2026-07-01 16:19:38;2026-07-14 17:00:02
436;districts;393;"";47;47;4;47;6;Пикалево;pikalevo;0;1;"";41203505000;0;1;"{""id"":393,""parentId"":0,""regionId"":47,""name"":""Пикалево"",""administrative"":0,""okato"":""41203505000"",""is_city"":1}";2026-07-01 16:19:38;2026-07-14 17:00:02
437;districts;394;"";47;47;4;47;6;Лодейное Поле;lodeynoe-pole;0;1;"";41227501000;0;1;"{""id"":394,""parentId"":0,""regionId"":47,""name"":""Лодейное Поле"",""administrative"":0,""okato"":""41227501000"",""is_city"":1}";2026-07-01 16:19:38;2026-07-14 17:00:02
438;districts;395;"";47;47;4;47;6;Коммунар;kommunar;0;1;"";41218505000;0;1;"{""id"":395,""parentId"":0,""regionId"":47,""name"":""Коммунар"",""administrative"":0,""okato"":""41218505000"",""is_city"":1}";2026-07-01 16:19:38;2026-07-14 17:00:02
439;districts;396;"";47;47;4;47;6;Никольское;nikolskoe;0;1;"";41248508000;0;1;"{""id"":396,""parentId"":0,""regionId"":47,""name"":""Никольское"",""administrative"":0,""okato"":""41248508000"",""is_city"":1}";2026-07-01 16:19:38;2026-07-14 17:00:02
440;districts;397;"";47;47;4;47;6;Приозерск;priozersk;0;1;"";41239501000;0;1;"{""id"":397,""parentId"":0,""regionId"":47,""name"":""Приозерск"",""administrative"":0,""okato"":""41239501000"",""is_city"":1}";2026-07-01 16:19:38;2026-07-14 17:00:02
441;districts;398;"";47;47;4;47;6;Подпорожье;podporozhe;0;1;"";41236501000;0;1;"{""id"":398,""parentId"":0,""regionId"":47,""name"":""Подпорожье"",""administrative"":0,""okato"":""41236501000"",""is_city"":1}";2026-07-01 16:19:38;2026-07-14 17:00:02
442;districts;399;"";47;47;4;47;6;Бокситогорск;boksitogorsk;0;1;"";41203501000;0;1;"{""id"":399,""parentId"":0,""regionId"":47,""name"":""Бокситогорск"",""administrative"":0,""okato"":""41203501000"",""is_city"":1}";2026-07-01 16:19:38;2026-07-14 17:00:02
443;districts;400;"";47;47;4;47;6;Светогорск;svetogorsk;0;1;"";41215514000;0;1;"{""id"":400,""parentId"":0,""regionId"":47,""name"":""Светогорск"",""administrative"":0,""okato"":""41215514000"",""is_city"":1}";2026-07-01 16:19:38;2026-07-14 17:00:02
444;districts;401;"";47;47;4;47;6;Сясьстрой;syasstroy;0;1;"";41209508000;0;1;"{""id"":401,""parentId"":0,""regionId"":47,""name"":""Сясьстрой"",""administrative"":0,""okato"":""41209508000"",""is_city"":1}";2026-07-01 16:19:38;2026-07-14 17:00:02
445;districts;402;"";47;47;4;47;6;Шлиссельбург;shlisselburg;0;1;"";41225503000;0;1;"{""id"":402,""parentId"":0,""regionId"":47,""name"":""Шлиссельбург"",""administrative"":0,""okato"":""41225503000"",""is_city"":1}";2026-07-01 16:19:38;2026-07-14 17:00:02
446;districts;403;"";47;47;4;47;6;Волосово;volosovo;0;1;"";41206501000;0;1;"{""id"":403,""parentId"":0,""regionId"":47,""name"":""Волосово"",""administrative"":0,""okato"":""41206501000"",""is_city"":1}";2026-07-01 16:19:38;2026-07-14 17:00:02
447;districts;405;"";148;148;68;148;59;Елец;elets;0;1;"";42415000000;0;1;"{""id"":405,""parentId"":0,""regionId"":148,""name"":""Елец"",""administrative"":0,""okato"":""42415000000"",""is_city"":1}";2026-07-01 16:19:38;2026-07-14 17:00:02
448;districts;406;"";148;148;68;148;59;Грязи;gryazi;0;1;"";42206501000;0;1;"{""id"":406,""parentId"":0,""regionId"":148,""name"":""Грязи"",""administrative"":0,""okato"":""42206501000"",""is_city"":1}";2026-07-01 16:19:38;2026-07-14 17:00:02
449;districts;407;"";148;148;68;148;59;Данков;dankov;0;1;"";42209501000;0;1;"{""id"":407,""parentId"":0,""regionId"":148,""name"":""Данков"",""administrative"":0,""okato"":""42209501000"",""is_city"":1}";2026-07-01 16:19:38;2026-07-14 17:00:02
450;districts;408;"";148;148;68;148;59;Лебедянь;lebedyan;0;1;"";42233501000;0;1;"{""id"":408,""parentId"":0,""regionId"":148,""name"":""Лебедянь"",""administrative"":0,""okato"":""42233501000"",""is_city"":1}";2026-07-01 16:19:38;2026-07-14 17:00:02
451;districts;409;"";148;148;68;148;59;Усмань;usman;0;1;"";42248501000;0;1;"{""id"":409,""parentId"":0,""regionId"":148,""name"":""Усмань"",""administrative"":0,""okato"":""42248501000"",""is_city"":1}";2026-07-01 16:19:38;2026-07-14 17:00:02
452;districts;410;"";148;148;68;148;59;Чаплыгин;chaplygin;0;1;"";42256501000;0;1;"{""id"":410,""parentId"":0,""regionId"":148,""name"":""Чаплыгин"",""administrative"":0,""okato"":""42256501000"",""is_city"":1}";2026-07-01 16:19:38;2026-07-14 17:00:02
453;districts;411;"";148;148;68;148;59;Задонск;zadonsk;0;1;"";42224501000;0;1;"{""id"":411,""parentId"":0,""regionId"":148,""name"":""Задонск"",""administrative"":0,""okato"":""42224501000"",""is_city"":1}";2026-07-01 16:19:38;2026-07-14 17:00:02
454;districts;413;"";149;149;69;149;60;Сусуман;susuman;0;1;"";44213501000;0;1;"{""id"":413,""parentId"":0,""regionId"":149,""name"":""Сусуман"",""administrative"":0,""okato"":""44213501000"",""is_city"":1}";2026-07-01 16:19:38;2026-07-14 17:00:02
455;districts;415;"";112;112;35;112;25;Волжск;volzhsk;0;1;"";88405000000;0;1;"{""id"":415,""parentId"":0,""regionId"":112,""name"":""Волжск"",""administrative"":0,""okato"":""88405000000"",""is_city"":1}";2026-07-01 16:19:38;2026-07-14 17:00:02
456;districts;416;"";112;112;35;112;25;Козьмодемьянск;kozmodemyansk;0;1;"";88415000000;0;1;"{""id"":416,""parentId"":0,""regionId"":112,""name"":""Козьмодемьянск"",""administrative"":0,""okato"":""88415000000"",""is_city"":1}";2026-07-01 16:19:38;2026-07-14 17:00:02
457;districts;417;"";112;112;35;112;25;Звенигово;zvenigovo;0;1;"";88212501000;0;1;"{""id"":417,""parentId"":0,""regionId"":112,""name"":""Звенигово"",""administrative"":0,""okato"":""88212501000"",""is_city"":1}";2026-07-01 16:19:38;2026-07-14 17:00:02
458;districts;418;"";113;113;36;113;26;Рузаевка;ruzaevka;0;1;"";89420000000;0;1;"{""id"":418,""parentId"":0,""regionId"":113,""name"":""Рузаевка"",""administrative"":0,""okato"":""89420000000"",""is_city"":1}";2026-07-01 16:19:38;2026-07-14 17:00:02
459;districts;419;"";113;113;36;113;26;Ковылкино;kovylkino;0;1;"";89410000000;0;1;"{""id"":419,""parentId"":0,""regionId"":113,""name"":""Ковылкино"",""administrative"":0,""okato"":""89410000000"",""is_city"":1}";2026-07-01 16:19:38;2026-07-14 17:00:02
460;districts;420;"";113;113;36;113;26;Краснослободск;krasnoslobodsk;0;1;"";89234501000;0;1;"{""id"":420,""parentId"":0,""regionId"":113,""name"":""Краснослободск"",""administrative"":0,""okato"":""89234501000"",""is_city"":1}";2026-07-01 16:19:38;2026-07-14 17:00:02
461;districts;423;"";50;50;5;50;7;Химки;khimki;0;1;"";46483000000;0;1;"{""id"":423,""parentId"":0,""regionId"":50,""name"":""Химки"",""administrative"":0,""okato"":""46483000000"",""is_city"":1}";2026-07-01 16:19:38;2026-07-14 17:00:02
462;districts;424;"";50;50;5;50;7;Подольск;podolsk;0;1;"";46460000000;0;1;"{""id"":424,""parentId"":0,""regionId"":50,""name"":""Подольск"",""administrative"":0,""okato"":""46460000000"",""is_city"":1}";2026-07-01 16:19:38;2026-07-14 17:00:02
463;districts;425;"";50;50;5;50;7;Мытищи;mytishi;0;1;"";46446000000;0;1;"{""id"":425,""parentId"":0,""regionId"":50,""name"":""Мытищи"",""administrative"":0,""okato"":""46446000000"",""is_city"":1}";2026-07-01 16:19:38;2026-07-14 17:00:02
464;districts;426;"";50;50;5;50;7;Люберцы;lyubertsy;0;1;"";46448000000;0;1;"{""id"":426,""parentId"":0,""regionId"":50,""name"":""Люберцы"",""administrative"":0,""okato"":""46448000000"",""is_city"":1}";2026-07-01 16:19:38;2026-07-14 17:00:03
465;districts;427;"";50;50;5;50;7;Электросталь;electrostal;0;1;"";46490000000;0;1;"{""id"":427,""parentId"":0,""regionId"":50,""name"":""Электросталь"",""administrative"":0,""okato"":""46490000000"",""is_city"":1}";2026-07-01 16:19:38;2026-07-14 17:00:03
466;districts;428;"";50;50;5;50;7;Коломна;kolomna;0;1;"";46438000000;0;1;"{""id"":428,""parentId"":0,""regionId"":50,""name"":""Коломна"",""administrative"":0,""okato"":""46438000000"",""is_city"":1}";2026-07-01 16:19:38;2026-07-14 17:00:03
467;districts;429;"";50;50;5;50;7;Одинцово;odintsovo;0;1;"";46455000000;0;1;"{""id"":429,""parentId"":0,""regionId"":50,""name"":""Одинцово"",""administrative"":0,""okato"":""46455000000"",""is_city"":1}";2026-07-01 16:19:38;2026-07-14 17:00:03
468;districts;430;"";50;50;5;50;7;Железнодорожный;zheleznodorozhnyy;0;1;"";46460000126;0;1;"{""id"":430,""parentId"":0,""regionId"":50,""name"":""Железнодорожный"",""administrative"":0,""okato"":""46460000126"",""is_city"":1}";2026-07-01 16:19:38;2026-07-14 17:00:03
469;districts;431;"";50;50;5;50;7;Серпухов;serpukhov;0;1;"";46470000000;0;1;"{""id"":431,""parentId"":0,""regionId"":50,""name"":""Серпухов"",""administrative"":0,""okato"":""46470000000"",""is_city"":1}";2026-07-01 16:19:38;2026-07-14 17:00:03
470;districts;432;"";50;50;5;50;7;Орехово-Зуево;orehovozuevo;0;1;"";46457000000;0;1;"{""id"":432,""parentId"":0,""regionId"":50,""name"":""Орехово-Зуево"",""administrative"":0,""okato"":""46457000000"",""is_city"":1}";2026-07-01 16:19:38;2026-07-14 17:00:03
471;districts;433;"";50;50;5;50;7;Красногорск;krasnogorsk;0;1;"";46439000000;0;1;"{""id"":433,""parentId"":0,""regionId"":50,""name"":""Красногорск"",""administrative"":0,""okato"":""46439000000"",""is_city"":1}";2026-07-01 16:19:38;2026-07-14 17:00:03
472;districts;434;"";50;50;5;50;7;Сергиев Посад;s-posad;0;1;"";46428000000;0;1;"{""id"":434,""parentId"":0,""regionId"":50,""name"":""Сергиев Посад"",""administrative"":0,""okato"":""46428000000"",""is_city"":1}";2026-07-01 16:19:38;2026-07-14 17:00:03
473;districts;435;"";50;50;5;50;7;Щелково;shhelkovo;0;1;"";46488000000;0;1;"{""id"":435,""parentId"":0,""regionId"":50,""name"":""Щелково"",""administrative"":0,""okato"":""46488000000"",""is_city"":1}";2026-07-01 16:19:38;2026-07-14 17:00:03
474;districts;436;"";50;50;5;50;7;Пушкино;pushkino;0;1;"";46458000000;0;1;"{""id"":436,""parentId"":0,""regionId"":50,""name"":""Пушкино"",""administrative"":0,""okato"":""46458000000"",""is_city"":1}";2026-07-01 16:19:38;2026-07-14 17:00:03
475;districts;437;"";50;50;5;50;7;Жуковский;zhukovski;0;1;"";46425000000;0;1;"{""id"":437,""parentId"":0,""regionId"":50,""name"":""Жуковский"",""administrative"":0,""okato"":""46425000000"",""is_city"":1}";2026-07-01 16:19:38;2026-07-14 17:00:03
476;districts;438;"";50;50;5;50;7;Ногинск;noginsk;0;1;"";46451000000;0;1;"{""id"":438,""parentId"":0,""regionId"":50,""name"":""Ногинск"",""administrative"":0,""okato"":""46451000000"",""is_city"":1}";2026-07-01 16:19:38;2026-07-14 17:00:03
477;districts;439;"";50;50;5;50;7;Раменское;ramenskoe;0;1;"";46468000000;0;1;"{""id"":439,""parentId"":0,""regionId"":50,""name"":""Раменское"",""administrative"":0,""okato"":""46468000000"",""is_city"":1}";2026-07-01 16:19:38;2026-07-14 17:00:03
478;districts;440;"";50;50;5;50;7;Домодедово;domodedovo;0;1;"";46409000000;0;1;"{""id"":440,""parentId"":0,""regionId"":50,""name"":""Домодедово"",""administrative"":0,""okato"":""46409000000"",""is_city"":1}";2026-07-01 16:19:38;2026-07-14 17:00:03
479;districts;441;"";50;50;5;50;7;Воскресенск;voskresensk;0;1;"";46410000000;0;1;"{""id"":441,""parentId"":0,""regionId"":50,""name"":""Воскресенск"",""administrative"":0,""okato"":""46410000000"",""is_city"":1}";2026-07-01 16:19:38;2026-07-14 17:00:03
480;districts;442;"";50;50;5;50;7;Долгопрудный;dolgoprudnyj;0;1;"";46416000000;0;1;"{""id"":442,""parentId"":0,""regionId"":50,""name"":""Долгопрудный"",""administrative"":0,""okato"":""46416000000"",""is_city"":1}";2026-07-01 16:19:38;2026-07-14 17:00:03
481;districts;443;"";50;50;5;50;7;Реутов;reutov;0;1;"";46464000000;0;1;"{""id"":443,""parentId"":0,""regionId"":50,""name"":""Реутов"",""administrative"":0,""okato"":""46464000000"",""is_city"":1}";2026-07-01 16:19:38;2026-07-14 17:00:03
482;districts;444;"";50;50;5;50;7;Клин;klin;0;1;"";46437000000;0;1;"{""id"":444,""parentId"":0,""regionId"":50,""name"":""Клин"",""administrative"":0,""okato"":""46437000000"",""is_city"":1}";2026-07-01 16:19:38;2026-07-14 17:00:03
483;districts;445;"";50;50;5;50;7;Лобня;lobnya;0;1;"";46440000000;0;1;"{""id"":445,""parentId"":0,""regionId"":50,""name"":""Лобня"",""administrative"":0,""okato"":""46440000000"",""is_city"":1}";2026-07-01 16:19:38;2026-07-14 17:00:03
484;districts;446;"";50;50;5;50;7;Дубна;dubna;0;1;"";46418000000;0;1;"{""id"":446,""parentId"":0,""regionId"":50,""name"":""Дубна"",""administrative"":0,""okato"":""46418000000"",""is_city"":1}";2026-07-01 16:19:38;2026-07-14 17:00:03
485;districts;447;"";50;50;5;50;7;Егорьевск;egorevsk;0;1;"";46422000000;0;1;"{""id"":447,""parentId"":0,""regionId"":50,""name"":""Егорьевск"",""administrative"":0,""okato"":""46422000000"",""is_city"":1}";2026-07-01 16:19:38;2026-07-14 17:00:03
486;districts;448;"";50;50;5;50;7;Павловский Посад;pavlovskiy-posad;0;1;"";46459000000;0;1;"{""id"":448,""parentId"":0,""regionId"":50,""name"":""Павловский Посад"",""administrative"":0,""okato"":""46459000000"",""is_city"":1}";2026-07-01 16:19:38;2026-07-14 17:00:03
487;districts;449;"";50;50;5;50;7;Ступино;stupino;0;1;"";46476000000;0;1;"{""id"":449,""parentId"":0,""regionId"":50,""name"":""Ступино"",""administrative"":0,""okato"":""46476000000"",""is_city"":1}";2026-07-01 16:19:38;2026-07-14 17:00:03
488;districts;450;"";50;50;5;50;7;Наро-Фоминск;narofominsk;0;1;"";46450000000;0;1;"{""id"":450,""parentId"":0,""regionId"":50,""name"":""Наро-Фоминск"",""administrative"":0,""okato"":""46450000000"",""is_city"":1}";2026-07-01 16:19:38;2026-07-14 17:00:03
489;districts;451;"";50;50;5;50;7;Дмитров;dmitrov;0;1;"";46415000000;0;1;"{""id"":451,""parentId"":0,""regionId"":50,""name"":""Дмитров"",""administrative"":0,""okato"":""46415000000"",""is_city"":1}";2026-07-01 16:19:38;2026-07-14 17:00:03
490;districts;452;"";50;50;5;50;7;Чехов;chehov;0;1;"";46484000000;0;1;"{""id"":452,""parentId"":0,""regionId"":50,""name"":""Чехов"",""administrative"":0,""okato"":""46484000000"",""is_city"":1}";2026-07-01 16:19:38;2026-07-14 17:00:03
491;districts;453;"";50;50;5;50;7;Ивантеевка;ivanteevka;0;1;"";46432000000;0;1;"{""id"":453,""parentId"":0,""regionId"":50,""name"":""Ивантеевка"",""administrative"":0,""okato"":""46432000000"",""is_city"":1}";2026-07-01 16:19:38;2026-07-14 17:00:03
492;districts;454;"";50;50;5;50;7;Видное;vidnoe;0;1;"";46228501000;0;1;"{""id"":454,""parentId"":0,""regionId"":50,""name"":""Видное"",""administrative"":0,""okato"":""46228501000"",""is_city"":1}";2026-07-01 16:19:38;2026-07-14 17:00:03
493;districts;455;"";50;50;5;50;7;Климовск;klimovsk;0;1;"";46436000000;0;1;"{""id"":455,""parentId"":0,""regionId"":50,""name"":""Климовск"",""administrative"":0,""okato"":""46436000000"",""is_city"":1}";2026-07-01 16:19:38;2026-07-14 17:00:03
494;districts;456;"";50;50;5;50;7;Фрязино;fryazino;0;1;"";46480000000;0;1;"{""id"":456,""parentId"":0,""regionId"":50,""name"":""Фрязино"",""administrative"":0,""okato"":""46480000000"",""is_city"":1}";2026-07-01 16:19:38;2026-07-14 17:00:03
495;districts;457;"";50;50;5;50;7;Лыткарино;lytkarino;0;1;"";46441000000;0;1;"{""id"":457,""parentId"":0,""regionId"":50,""name"":""Лыткарино"",""administrative"":0,""okato"":""46441000000"",""is_city"":1}";2026-07-01 16:19:38;2026-07-14 17:00:03
496;districts;458;"";50;50;5;50;7;Солнечногорск;solnechnogorsk;0;1;"";46471000000;0;1;"{""id"":458,""parentId"":0,""regionId"":50,""name"":""Солнечногорск"",""administrative"":0,""okato"":""46471000000"",""is_city"":1}";2026-07-01 16:19:38;2026-07-14 17:00:03
497;districts;459;"";50;50;5;50;7;Дзержинский;dzerzhinskiy;0;1;"";46411000000;0;1;"{""id"":459,""parentId"":0,""regionId"":50,""name"":""Дзержинский"",""administrative"":0,""okato"":""46411000000"",""is_city"":1}";2026-07-01 16:19:38;2026-07-14 17:00:03
498;districts;460;"";50;50;5;50;7;Кашира;kashira;0;1;"";46435000000;0;1;"{""id"":460,""parentId"":0,""regionId"":50,""name"":""Кашира"",""administrative"":0,""okato"":""46435000000"",""is_city"":1}";2026-07-01 16:19:38;2026-07-14 17:00:03
499;districts;461;"";50;50;5;50;7;Троицк;troitsk;0;1;"";45298578000;0;1;"{""id"":461,""parentId"":0,""regionId"":50,""name"":""Троицк"",""administrative"":0,""okato"":""45298578000"",""is_city"":1}";2026-07-01 16:19:38;2026-07-14 17:00:03
500;districts;462;"";50;50;5;50;7;Протвино;protvino;0;1;"";46467000000;0;1;"{""id"":462,""parentId"":0,""regionId"":50,""name"":""Протвино"",""administrative"":0,""okato"":""46467000000"",""is_city"":1}";2026-07-01 16:19:38;2026-07-14 17:00:03
501;districts;463;"";50;50;5;50;7;Краснознаменск;krasnoznamensk;0;1;"";46505000000;0;1;"{""id"":463,""parentId"":0,""regionId"":50,""name"":""Краснознаменск"",""administrative"":0,""okato"":""46505000000"",""is_city"":1}";2026-07-01 16:19:38;2026-07-14 17:00:03
502;districts;464;"";50;50;5;50;7;Истра;istra;0;1;"";46433000000;0;1;"{""id"":464,""parentId"":0,""regionId"":50,""name"":""Истра"",""administrative"":0,""okato"":""46433000000"",""is_city"":1}";2026-07-01 16:19:38;2026-07-14 17:00:03
503;districts;466;"";50;50;5;50;7;Шатура;shatura;0;1;"";46486000000;0;1;"{""id"":466,""parentId"":0,""regionId"":50,""name"":""Шатура"",""administrative"":0,""okato"":""46486000000"",""is_city"":1}";2026-07-01 16:19:38;2026-07-14 17:00:03
504;districts;467;"";50;50;5;50;7;Щербинка;shcherbinka;0;1;"";46409000661;0;1;"{""id"":467,""parentId"":0,""regionId"":50,""name"":""Щербинка"",""administrative"":0,""okato"":""46409000661"",""is_city"":1}";2026-07-01 16:19:38;2026-07-14 17:00:03
505;districts;468;"";50;50;5;50;7;Котельники;kotelniki;0;1;"";46444000000;0;1;"{""id"":468,""parentId"":0,""regionId"":50,""name"":""Котельники"",""administrative"":0,""okato"":""46444000000"",""is_city"":1}";2026-07-01 16:19:38;2026-07-14 17:00:03
506;districts;469;"";50;50;5;50;7;Можайск;mozhaysk;0;1;"";46445000000;0;1;"{""id"":469,""parentId"":0,""regionId"":50,""name"":""Можайск"",""administrative"":0,""okato"":""46445000000"",""is_city"":1}";2026-07-01 16:19:38;2026-07-14 17:00:03
507;districts;470;"";50;50;5;50;7;Ликино-Дулево;likino-dulevo;0;1;"";46457516000;0;1;"{""id"":470,""parentId"":0,""regionId"":50,""name"":""Ликино-Дулево"",""administrative"":0,""okato"":""46457516000"",""is_city"":1}";2026-07-01 16:19:38;2026-07-14 17:00:03
508;districts;471;"";50;50;5;50;7;Луховицы;lukhovitsy;0;1;"";46447000000;0;1;"{""id"":471,""parentId"":0,""regionId"":50,""name"":""Луховицы"",""administrative"":0,""okato"":""46447000000"",""is_city"":1}";2026-07-01 16:19:38;2026-07-14 17:00:03
509;districts;472;"";50;50;5;50;7;Дедовск;dedovsk;0;1;"";46433506000;0;1;"{""id"":472,""parentId"":0,""regionId"":50,""name"":""Дедовск"",""administrative"":0,""okato"":""46433506000"",""is_city"":1}";2026-07-01 16:19:38;2026-07-14 17:00:03
510;districts;473;"";50;50;5;50;7;Красноармейск;krasnoarmeysk;0;1;"";46443000000;0;1;"{""id"":473,""parentId"":0,""regionId"":50,""name"":""Красноармейск"",""administrative"":0,""okato"":""46443000000"",""is_city"":1}";2026-07-01 16:19:38;2026-07-14 17:00:03
511;districts;474;"";50;50;5;50;7;Озеры;ozery;0;1;"";46456000000;0;1;"{""id"":474,""parentId"":0,""regionId"":50,""name"":""Озеры"",""administrative"":0,""okato"":""46456000000"",""is_city"":1}";2026-07-01 16:19:38;2026-07-14 17:00:03
512;districts;475;"";50;50;5;50;7;Зарайск;zaraysk;0;1;"";46429000000;0;1;"{""id"":475,""parentId"":0,""regionId"":50,""name"":""Зарайск"",""administrative"":0,""okato"":""46429000000"",""is_city"":1}";2026-07-01 16:19:38;2026-07-14 17:00:03
513;districts;476;"";50;50;5;50;7;Волоколамск;volokolamsk;0;1;"";46408000000;0;1;"{""id"":476,""parentId"":0,""regionId"":50,""name"":""Волоколамск"",""administrative"":0,""okato"":""46408000000"",""is_city"":1}";2026-07-01 16:19:38;2026-07-14 17:00:03
514;districts;477;"";50;50;5;50;7;Кубинка;kubinka;0;1;"";46455516000;0;1;"{""id"":477,""parentId"":0,""regionId"":50,""name"":""Кубинка"",""administrative"":0,""okato"":""46455516000"",""is_city"":1}";2026-07-01 16:19:38;2026-07-14 17:00:03
515;districts;478;"";50;50;5;50;7;Лосино-Петровский;losino-petrovskiy;0;1;"";46442000000;0;1;"{""id"":478,""parentId"":0,""regionId"":50,""name"":""Лосино-Петровский"",""administrative"":0,""okato"":""46442000000"",""is_city"":1}";2026-07-01 16:19:38;2026-07-14 17:00:03
516;districts;479;"";50;50;5;50;7;Электрогорск;elektrogorsk;0;1;"";46491000000;0;1;"{""id"":479,""parentId"":0,""regionId"":50,""name"":""Электрогорск"",""administrative"":0,""okato"":""46491000000"",""is_city"":1}";2026-07-01 16:19:38;2026-07-14 17:00:03
517;districts;480;"";50;50;5;50;7;Старая Купавна;staraya-kupavna;0;1;"";46451506000;0;1;"{""id"":480,""parentId"":0,""regionId"":50,""name"":""Старая Купавна"",""administrative"":0,""okato"":""46451506000"",""is_city"":1}";2026-07-01 16:19:38;2026-07-14 17:00:03
518;districts;481;"";50;50;5;50;7;Куровское;kurovskoe;0;1;"";46457511000;0;1;"{""id"":481,""parentId"":0,""regionId"":50,""name"":""Куровское"",""administrative"":0,""okato"":""46457511000"",""is_city"":1}";2026-07-01 16:19:39;2026-07-14 17:00:03
519;districts;482;"";50;50;5;50;7;Хотьково;khotkovo;0;1;"";46428516000;0;1;"{""id"":482,""parentId"":0,""regionId"":50,""name"":""Хотьково"",""administrative"":0,""okato"":""46428516000"",""is_city"":1}";2026-07-01 16:19:39;2026-07-14 17:00:03
520;districts;483;"";50;50;5;50;7;Рошаль;roshal;0;1;"";46465000000;0;1;"{""id"":483,""parentId"":0,""regionId"":50,""name"":""Рошаль"",""administrative"":0,""okato"":""46465000000"",""is_city"":1}";2026-07-01 16:19:39;2026-07-14 17:00:03
521;districts;484;"";50;50;5;50;7;Бронницы;bronnitsy;0;1;"";46405000000;0;1;"{""id"":484,""parentId"":0,""regionId"":50,""name"":""Бронницы"",""administrative"":0,""okato"":""46405000000"",""is_city"":1}";2026-07-01 16:19:39;2026-07-14 17:00:03
522;districts;485;"";50;50;5;50;7;Черноголовка;chernogolovka;0;1;"";46485000000;0;1;"{""id"":485,""parentId"":0,""regionId"":50,""name"":""Черноголовка"",""administrative"":0,""okato"":""46485000000"",""is_city"":1}";2026-07-01 16:19:39;2026-07-14 17:00:03
523;districts;486;"";50;50;5;50;7;Пущино;pushchino;0;1;"";46462000000;0;1;"{""id"":486,""parentId"":0,""regionId"":50,""name"":""Пущино"",""administrative"":0,""okato"":""46462000000"",""is_city"":1}";2026-07-01 16:19:39;2026-07-14 17:00:03
524;districts;487;"";50;50;5;50;7;Электроугли;elektrougli;0;1;"";46451511000;0;1;"{""id"":487,""parentId"":0,""regionId"":50,""name"":""Электроугли"",""administrative"":0,""okato"":""46451511000"",""is_city"":1}";2026-07-01 16:19:39;2026-07-14 17:00:03
525;districts;488;"";50;50;5;50;7;Апрелевка;aprelevka;0;1;"";46450506000;0;1;"{""id"":488,""parentId"":0,""regionId"":50,""name"":""Апрелевка"",""administrative"":0,""okato"":""46450506000"",""is_city"":1}";2026-07-01 16:19:39;2026-07-14 17:00:03
526;districts;489;"";50;50;5;50;7;Верея;vereya;0;1;"";46450511000;0;1;"{""id"":489,""parentId"":0,""regionId"":50,""name"":""Верея"",""administrative"":0,""okato"":""46450511000"",""is_city"":1}";2026-07-01 16:19:39;2026-07-14 17:00:03
527;districts;490;"";50;50;5;50;7;Высоковск;vysokovsk;0;1;"";46437506000;0;1;"{""id"":490,""parentId"":0,""regionId"":50,""name"":""Высоковск"",""administrative"":0,""okato"":""46437506000"",""is_city"":1}";2026-07-01 16:19:39;2026-07-14 17:00:03
528;districts;491;"";50;50;5;50;7;Голицыно;golicino;0;1;"";46455506000;0;1;"{""id"":491,""parentId"":0,""regionId"":50,""name"":""Голицыно"",""administrative"":0,""okato"":""46455506000"",""is_city"":1}";2026-07-01 16:19:39;2026-07-14 17:00:03
529;districts;492;"";50;50;5;50;7;Дрезна;drezna;0;1;"";46457506000;0;1;"{""id"":492,""parentId"":0,""regionId"":50,""name"":""Дрезна"",""administrative"":0,""okato"":""46457506000"",""is_city"":1}";2026-07-01 16:19:39;2026-07-14 17:00:03
530;districts;493;"";50;50;5;50;7;Звенигород;zvenigorod;0;1;"";46455511000;0;1;"{""id"":493,""parentId"":0,""regionId"":50,""name"":""Звенигород"",""administrative"":0,""okato"":""46455511000"",""is_city"":1}";2026-07-01 16:19:39;2026-07-14 17:00:03
531;districts;494;"";50;50;5;50;7;Королев;korolev;0;1;"";46434000000;0;1;"{""id"":494,""parentId"":0,""regionId"":50,""name"":""Королев"",""administrative"":0,""okato"":""46434000000"",""is_city"":1}";2026-07-01 16:19:39;2026-07-14 17:00:03
532;districts;495;"";50;50;5;50;7;Краснозаводск;krasnozavodsk;0;1;"";46428506000;0;1;"{""id"":495,""parentId"":0,""regionId"":50,""name"":""Краснозаводск"",""administrative"":0,""okato"":""46428506000"",""is_city"":1}";2026-07-01 16:19:39;2026-07-14 17:00:03
533;districts;496;"";50;50;5;50;7;Московский;moskovskij;0;1;"";45297565001;0;1;"{""id"":496,""parentId"":0,""regionId"":50,""name"":""Московский"",""administrative"":0,""okato"":""45297565001"",""is_city"":1}";2026-07-01 16:19:39;2026-07-14 17:00:03
534;districts;497;"";50;50;5;50;7;Ожерелье;ozherele;0;1;"";46435000000;0;1;"{""id"":497,""parentId"":0,""regionId"":50,""name"":""Ожерелье"",""administrative"":0,""okato"":""46435000000"",""is_city"":1}";2026-07-01 16:19:39;2026-07-14 17:00:03
535;districts;498;"";50;50;5;50;7;Пересвет;peresvet;0;1;"";46428511000;0;1;"{""id"":498,""parentId"":0,""regionId"":50,""name"":""Пересвет"",""administrative"":0,""okato"":""46428511000"",""is_city"":1}";2026-07-01 16:19:39;2026-07-14 17:00:03
536;districts;499;"";50;50;5;50;7;Руза;ruza;0;1;"";46466000000;0;1;"{""id"":499,""parentId"":0,""regionId"":50,""name"":""Руза"",""administrative"":0,""okato"":""46466000000"",""is_city"":1}";2026-07-01 16:19:39;2026-07-14 17:00:03
537;districts;500;"";50;50;5;50;7;Талдом;taldom;0;1;"";46478000000;0;1;"{""id"":500,""parentId"":0,""regionId"":50,""name"":""Талдом"",""administrative"":0,""okato"":""46478000000"",""is_city"":1}";2026-07-01 16:19:39;2026-07-14 17:00:03
538;districts;501;"";50;50;5;50;7;Яхрома;yakhroma;0;1;"";46415506000;0;1;"{""id"":501,""parentId"":0,""regionId"":50,""name"":""Яхрома"",""administrative"":0,""okato"":""46415506000"",""is_city"":1}";2026-07-01 16:19:39;2026-07-14 17:00:03
539;districts;503;"";151;151;70;151;61;Апатиты;apatity;0;1;"";47405000000;0;1;"{""id"":503,""parentId"":0,""regionId"":151,""name"":""Апатиты"",""administrative"":0,""okato"":""47405000000"",""is_city"":1}";2026-07-01 16:19:39;2026-07-14 17:00:03
540;districts;504;"";151;151;70;151;61;Североморск;severomorsk;0;1;"";47530000000;0;1;"{""id"":504,""parentId"":0,""regionId"":151,""name"":""Североморск"",""administrative"":0,""okato"":""47530000000"",""is_city"":1}";2026-07-01 16:19:39;2026-07-14 17:00:03
541;districts;505;"";151;151;70;151;61;Мончегорск;monchegorsk;0;1;"";47415000000;0;1;"{""id"":505,""parentId"":0,""regionId"":151,""name"":""Мончегорск"",""administrative"":0,""okato"":""47415000000"",""is_city"":1}";2026-07-01 16:19:39;2026-07-14 17:00:04
542;districts;506;"";151;151;70;151;61;Кандалакша;kandalaksha;0;1;"";47202501000;0;1;"{""id"":506,""parentId"":0,""regionId"":151,""name"":""Кандалакша"",""administrative"":0,""okato"":""47202501000"",""is_city"":1}";2026-07-01 16:19:39;2026-07-14 17:00:04
543;districts;507;"";151;151;70;151;61;Кировск;kirovsk;0;1;"";47412000000;0;1;"{""id"":507,""parentId"":0,""regionId"":151,""name"":""Кировск"",""administrative"":0,""okato"":""47412000000"",""is_city"":1}";2026-07-01 16:19:39;2026-07-14 17:00:04
544;districts;508;"";151;151;70;151;61;Оленегорск;olenegorsk;0;1;"";47417000000;0;1;"{""id"":508,""parentId"":0,""regionId"":151,""name"":""Оленегорск"",""administrative"":0,""okato"":""47417000000"",""is_city"":1}";2026-07-01 16:19:39;2026-07-14 17:00:04
545;districts;509;"";151;151;70;151;61;Ковдор;kovdor;0;1;"";47203501000;0;1;"{""id"":509,""parentId"":0,""regionId"":151,""name"":""Ковдор"",""administrative"":0,""okato"":""47203501000"",""is_city"":1}";2026-07-01 16:19:39;2026-07-14 17:00:04
546;districts;510;"";151;151;70;151;61;Полярный;polyarnyy;0;1;"";47525000000;0;1;"{""id"":510,""parentId"":0,""regionId"":151,""name"":""Полярный"",""administrative"":0,""okato"":""47525000000"",""is_city"":1}";2026-07-01 16:19:39;2026-07-14 17:00:04
547;districts;511;"";151;151;70;151;61;Заполярный;zapolyarnyy;0;1;"";47215503000;0;1;"{""id"":511,""parentId"":0,""regionId"":151,""name"":""Заполярный"",""administrative"":0,""okato"":""47215503000"",""is_city"":1}";2026-07-01 16:19:39;2026-07-14 17:00:04
548;districts;512;"";151;151;70;151;61;Полярные Зори;polyarnye-zori;0;1;"";47419000000;0;1;"{""id"":512,""parentId"":0,""regionId"":151,""name"":""Полярные Зори"",""administrative"":0,""okato"":""47419000000"",""is_city"":1}";2026-07-01 16:19:39;2026-07-14 17:00:04
549;districts;513;"";151;151;70;151;61;Снежногорск;snezhnogorsk;0;1;"";47527000000;0;1;"{""id"":513,""parentId"":0,""regionId"":151,""name"":""Снежногорск"",""administrative"":0,""okato"":""47527000000"",""is_city"":1}";2026-07-01 16:19:39;2026-07-14 17:00:04
550;districts;514;"";151;151;70;151;61;Заозерск;zaozersk;0;1;"";47533000000;0;1;"{""id"":514,""parentId"":0,""regionId"":151,""name"":""Заозерск"",""administrative"":0,""okato"":""47533000000"",""is_city"":1}";2026-07-01 16:19:39;2026-07-14 17:00:04
551;districts;515;"";151;151;70;151;61;Гаджиево;gadzhievo;0;1;"";47529000000;0;1;"{""id"":515,""parentId"":0,""regionId"":151,""name"":""Гаджиево"",""administrative"":0,""okato"":""47529000000"",""is_city"":1}";2026-07-01 16:19:39;2026-07-14 17:00:04
552;districts;516;"";151;151;70;151;61;Кола;kola;0;1;"";47205501000;0;1;"{""id"":516,""parentId"":0,""regionId"":151,""name"":""Кола"",""administrative"":0,""okato"":""47205501000"",""is_city"":1}";2026-07-01 16:19:39;2026-07-14 17:00:04
553;districts;518;"";53;53;71;53;62;Великий Новгород;velikij-novgorod;0;1;"";49401000000;0;1;"{""id"":518,""parentId"":0,""regionId"":53,""name"":""Великий Новгород"",""administrative"":0,""okato"":""49401000000"",""is_city"":1}";2026-07-01 16:19:39;2026-07-14 17:00:04
554;districts;519;"";153;153;71;153;62;Боровичи;borovichi;0;1;"";49408000000;0;1;"{""id"":519,""parentId"":0,""regionId"":153,""name"":""Боровичи"",""administrative"":0,""okato"":""49408000000"",""is_city"":1}";2026-07-01 16:19:39;2026-07-14 17:00:04
555;districts;520;"";153;153;71;153;62;Старая Русса;staraya-russa;0;1;"";49413000000;0;1;"{""id"":520,""parentId"":0,""regionId"":153,""name"":""Старая Русса"",""administrative"":0,""okato"":""49413000000"",""is_city"":1}";2026-07-01 16:19:39;2026-07-14 17:00:04
556;districts;521;"";153;153;71;153;62;Валдай;valday;0;1;"";49208501000;0;1;"{""id"":521,""parentId"":0,""regionId"":153,""name"":""Валдай"",""administrative"":0,""okato"":""49208501000"",""is_city"":1}";2026-07-01 16:19:39;2026-07-14 17:00:04
557;districts;522;"";153;153;71;153;62;Пестово;pestovo;0;1;"";49232501000;0;1;"{""id"":522,""parentId"":0,""regionId"":153,""name"":""Пестово"",""administrative"":0,""okato"":""49232501000"",""is_city"":1}";2026-07-01 16:19:39;2026-07-14 17:00:04
558;districts;523;"";153;153;71;153;62;Чудово;chudovo;0;1;"";49250501000;0;1;"{""id"":523,""parentId"":0,""regionId"":153,""name"":""Чудово"",""administrative"":0,""okato"":""49250501000"",""is_city"":1}";2026-07-01 16:19:39;2026-07-14 17:00:04
559;districts;524;"";153;153;71;153;62;Малая Вишера;malaya-vishera;0;1;"";49220501000;0;1;"{""id"":524,""parentId"":0,""regionId"":153,""name"":""Малая Вишера"",""administrative"":0,""okato"":""49220501000"",""is_city"":1}";2026-07-01 16:19:39;2026-07-14 17:00:04
560;districts;525;"";153;153;71;153;62;Окуловка;okulovka;0;1;"";49228501000;0;1;"{""id"":525,""parentId"":0,""regionId"":153,""name"":""Окуловка"",""administrative"":0,""okato"":""49228501000"",""is_city"":1}";2026-07-01 16:19:39;2026-07-14 17:00:04
561;districts;526;"";153;153;71;153;62;Сольцы;soltsy;0;1;"";49238501000;0;1;"{""id"":526,""parentId"":0,""regionId"":153,""name"":""Сольцы"",""administrative"":0,""okato"":""49238501000"",""is_city"":1}";2026-07-01 16:19:39;2026-07-14 17:00:04
562;districts;527;"";54;54;7;54;9;Бердск;berdsk;0;1;"";50408000000;0;1;"{""id"":527,""parentId"":0,""regionId"":54,""name"":""Бердск"",""administrative"":0,""okato"":""50408000000"",""is_city"":1}";2026-07-01 16:19:39;2026-07-14 17:00:04
563;districts;528;"";54;54;7;54;9;Искитим;iskitim;0;1;"";50412000000;0;1;"{""id"":528,""parentId"":0,""regionId"":54,""name"":""Искитим"",""administrative"":0,""okato"":""50412000000"",""is_city"":1}";2026-07-01 16:19:39;2026-07-14 17:00:04
564;districts;529;"";54;54;7;54;9;Куйбышев;kuybyshev;0;1;"";50415000000;0;1;"{""id"":529,""parentId"":0,""regionId"":54,""name"":""Куйбышев"",""administrative"":0,""okato"":""50415000000"",""is_city"":1}";2026-07-01 16:19:39;2026-07-14 17:00:04
565;districts;530;"";54;54;7;54;9;Барабинск;barabinsk;0;1;"";50405000000;0;1;"{""id"":530,""parentId"":0,""regionId"":54,""name"":""Барабинск"",""administrative"":0,""okato"":""50405000000"",""is_city"":1}";2026-07-01 16:19:39;2026-07-14 17:00:04
566;districts;531;"";54;54;7;54;9;Карасук;karasuk;0;1;"";50217501000;0;1;"{""id"":531,""parentId"":0,""regionId"":54,""name"":""Карасук"",""administrative"":0,""okato"":""50217501000"",""is_city"":1}";2026-07-01 16:19:39;2026-07-14 17:00:04
567;districts;532;"";54;54;7;54;9;Обь;ob;0;1;"";50417000000;0;1;"{""id"":532,""parentId"":0,""regionId"":54,""name"":""Обь"",""administrative"":0,""okato"":""50417000000"",""is_city"":1}";2026-07-01 16:19:39;2026-07-14 17:00:04
568;districts;533;"";54;54;7;54;9;Татарск;tatarsk;0;1;"";50418000000;0;1;"{""id"":533,""parentId"":0,""regionId"":54,""name"":""Татарск"",""administrative"":0,""okato"":""50418000000"",""is_city"":1}";2026-07-01 16:19:39;2026-07-14 17:00:04
569;districts;534;"";54;54;7;54;9;Тогучин;toguchin;0;1;"";50252501000;0;1;"{""id"":534,""parentId"":0,""regionId"":54,""name"":""Тогучин"",""administrative"":0,""okato"":""50252501000"",""is_city"":1}";2026-07-01 16:19:39;2026-07-14 17:00:04
570;districts;535;"";54;54;7;54;9;Черепаново;cherepanovo;0;1;"";50257501000;0;1;"{""id"":535,""parentId"":0,""regionId"":54,""name"":""Черепаново"",""administrative"":0,""okato"":""50257501000"",""is_city"":1}";2026-07-01 16:19:39;2026-07-14 17:00:04
571;districts;536;"";54;54;7;54;9;Болотное;bolotnoe;0;1;"";50206501000;0;1;"{""id"":536,""parentId"":0,""regionId"":54,""name"":""Болотное"",""administrative"":0,""okato"":""50206501000"",""is_city"":1}";2026-07-01 16:19:39;2026-07-14 17:00:04
572;districts;537;"";54;54;7;54;9;Купино;kupino;0;1;"";50232501000;0;1;"{""id"":537,""parentId"":0,""regionId"":54,""name"":""Купино"",""administrative"":0,""okato"":""50232501000"",""is_city"":1}";2026-07-01 16:19:39;2026-07-14 17:00:04
573;districts;538;"";54;54;7;54;9;Чулым;chulym;0;1;"";50259501000;0;1;"{""id"":538,""parentId"":0,""regionId"":54,""name"":""Чулым"",""administrative"":0,""okato"":""50259501000"",""is_city"":1}";2026-07-01 16:19:39;2026-07-14 17:00:04
574;districts;539;"";54;54;7;54;9;Каргат;kargat;0;1;"";50219501000;0;1;"{""id"":539,""parentId"":0,""regionId"":54,""name"":""Каргат"",""administrative"":0,""okato"":""50219501000"",""is_city"":1}";2026-07-01 16:19:39;2026-07-14 17:00:04
575;districts;540;"";55;55;8;55;10;Тара;tara;0;1;"";52415000000;0;1;"{""id"":540,""parentId"":0,""regionId"":55,""name"":""Тара"",""administrative"":0,""okato"":""52415000000"",""is_city"":1}";2026-07-01 16:19:39;2026-07-14 17:00:04
576;districts;541;"";55;55;8;55;10;Исилькуль;isilkul;0;1;"";52405000000;0;1;"{""id"":541,""parentId"":0,""regionId"":55,""name"":""Исилькуль"",""administrative"":0,""okato"":""52405000000"",""is_city"":1}";2026-07-01 16:19:39;2026-07-14 17:00:04
577;districts;542;"";55;55;8;55;10;Называевск;nazyvaevsk;0;1;"";52413000000;0;1;"{""id"":542,""parentId"":0,""regionId"":55,""name"":""Называевск"",""administrative"":0,""okato"":""52413000000"",""is_city"":1}";2026-07-01 16:19:39;2026-07-14 17:00:04
578;districts;543;"";55;55;8;55;10;Тюкалинск;tyukalinsk;0;1;"";52418000000;0;1;"{""id"":543,""parentId"":0,""regionId"":55,""name"":""Тюкалинск"",""administrative"":0,""okato"":""52418000000"",""is_city"":1}";2026-07-01 16:19:39;2026-07-14 17:00:04
579;districts;545;"";156;156;72;156;63;Орск;orsk;0;1;"";53423000000;0;1;"{""id"":545,""parentId"":0,""regionId"":156,""name"":""Орск"",""administrative"":0,""okato"":""53423000000"",""is_city"":1}";2026-07-01 16:19:39;2026-07-14 17:00:04
580;districts;546;"";156;156;72;156;63;Новотроицк;novotroitsk;0;1;"";53420000000;0;1;"{""id"":546,""parentId"":0,""regionId"":156,""name"":""Новотроицк"",""administrative"":0,""okato"":""53420000000"",""is_city"":1}";2026-07-01 16:19:39;2026-07-14 17:00:04
581;districts;547;"";156;156;72;156;63;Бузулук;buzuluk;0;1;"";53412000000;0;1;"{""id"":547,""parentId"":0,""regionId"":156,""name"":""Бузулук"",""administrative"":0,""okato"":""53412000000"",""is_city"":1}";2026-07-01 16:19:39;2026-07-14 17:00:04
582;districts;548;"";156;156;72;156;63;Бугуруслан;buguruslan;0;1;"";53408000000;0;1;"{""id"":548,""parentId"":0,""regionId"":156,""name"":""Бугуруслан"",""administrative"":0,""okato"":""53408000000"",""is_city"":1}";2026-07-01 16:19:39;2026-07-14 17:00:04
583;districts;549;"";156;156;72;156;63;Гай;gay;0;1;"";53413000000;0;1;"{""id"":549,""parentId"":0,""regionId"":156,""name"":""Гай"",""administrative"":0,""okato"":""53413000000"",""is_city"":1}";2026-07-01 16:19:39;2026-07-14 17:00:04
584;districts;550;"";156;156;72;156;63;Сорочинск;sorochinsk;0;1;"";53427000000;0;1;"{""id"":550,""parentId"":0,""regionId"":156,""name"":""Сорочинск"",""administrative"":0,""okato"":""53427000000"",""is_city"":1}";2026-07-01 16:19:39;2026-07-14 17:00:04
585;districts;551;"";156;156;72;156;63;Соль-Илецк;sol-iletsk;0;1;"";53425000000;0;1;"{""id"":551,""parentId"":0,""regionId"":156,""name"":""Соль-Илецк"",""administrative"":0,""okato"":""53425000000"",""is_city"":1}";2026-07-01 16:19:39;2026-07-14 17:00:04
586;districts;552;"";156;156;72;156;63;Медногорск;mednogorsk;0;1;"";53415000000;0;1;"{""id"":552,""parentId"":0,""regionId"":156,""name"":""Медногорск"",""administrative"":0,""okato"":""53415000000"",""is_city"":1}";2026-07-01 16:19:39;2026-07-14 17:00:04
587;districts;553;"";156;156;72;156;63;Кувандык;kuvandyk;0;1;"";53414000000;0;1;"{""id"":553,""parentId"":0,""regionId"":156,""name"":""Кувандык"",""administrative"":0,""okato"":""53414000000"",""is_city"":1}";2026-07-01 16:19:39;2026-07-14 17:00:04
588;districts;554;"";156;156;72;156;63;Абдулино;abdulino;0;1;"";53404000000;0;1;"{""id"":554,""parentId"":0,""regionId"":156,""name"":""Абдулино"",""administrative"":0,""okato"":""53404000000"",""is_city"":1}";2026-07-01 16:19:39;2026-07-14 17:00:04
589;districts;555;"";156;156;72;156;63;Ясный;yasnyj;0;1;"";53432000000;0;1;"{""id"":555,""parentId"":0,""regionId"":156,""name"":""Ясный"",""administrative"":0,""okato"":""53432000000"",""is_city"":1}";2026-07-01 16:19:39;2026-07-14 17:00:04
590;districts;557;"";157;157;73;157;64;Ливны;livny;0;1;"";54405000000;0;1;"{""id"":557,""parentId"":0,""regionId"":157,""name"":""Ливны"",""administrative"":0,""okato"":""54405000000"",""is_city"":1}";2026-07-01 16:19:39;2026-07-14 17:00:04
591;districts;558;"";157;157;73;157;64;Мценск;mtsensk;0;1;"";54410000000;0;1;"{""id"":558,""parentId"":0,""regionId"":157,""name"":""Мценск"",""administrative"":0,""okato"":""54410000000"",""is_city"":1}";2026-07-01 16:19:39;2026-07-14 17:00:04
592;districts;559;"";157;157;73;157;64;Болхов;bolkhov;0;1;"";54204501000;0;1;"{""id"":559,""parentId"":0,""regionId"":157,""name"":""Болхов"",""administrative"":0,""okato"":""54204501000"",""is_city"":1}";2026-07-01 16:19:39;2026-07-14 17:00:04
593;districts;561;"";158;158;74;158;65;Кузнецк;kuznetsk;0;1;"";56405000000;0;1;"{""id"":561,""parentId"":0,""regionId"":158,""name"":""Кузнецк"",""administrative"":0,""okato"":""56405000000"",""is_city"":1}";2026-07-01 16:19:39;2026-07-14 17:00:04
594;districts;562;"";158;158;74;158;65;Заречный;zarechnyy;0;1;"";56534000000;0;1;"{""id"":562,""parentId"":0,""regionId"":158,""name"":""Заречный"",""administrative"":0,""okato"":""56534000000"",""is_city"":1}";2026-07-01 16:19:40;2026-07-14 17:00:05
595;districts;563;"";158;158;74;158;65;Каменка;kamenka;0;1;"";56229501000;0;1;"{""id"":563,""parentId"":0,""regionId"":158,""name"":""Каменка"",""administrative"":0,""okato"":""56229501000"",""is_city"":1}";2026-07-01 16:19:40;2026-07-14 17:00:05
596;districts;564;"";158;158;74;158;65;Сердобск;serdobsk;0;1;"";56256501000;0;1;"{""id"":564,""parentId"":0,""regionId"":158,""name"":""Сердобск"",""administrative"":0,""okato"":""56256501000"",""is_city"":1}";2026-07-01 16:19:40;2026-07-14 17:00:05
597;districts;565;"";158;158;74;158;65;Нижний Ломов;nizhniy-lomov;0;1;"";56251501000;0;1;"{""id"":565,""parentId"":0,""regionId"":158,""name"":""Нижний Ломов"",""administrative"":0,""okato"":""56251501000"",""is_city"":1}";2026-07-01 16:19:40;2026-07-14 17:00:05
598;districts;566;"";158;158;74;158;65;Никольск;nikolsk;0;1;"";56253501000;0;1;"{""id"":566,""parentId"":0,""regionId"":158,""name"":""Никольск"",""administrative"":0,""okato"":""56253501000"",""is_city"":1}";2026-07-01 16:19:40;2026-07-14 17:00:05
599;districts;568;"";159;159;75;159;66;Березники;berezniki;0;1;"";57408000000;0;1;"{""id"":568,""parentId"":0,""regionId"":159,""name"":""Березники"",""administrative"":0,""okato"":""57408000000"",""is_city"":1}";2026-07-01 16:19:40;2026-07-14 17:00:05
600;districts;569;"";159;159;75;159;66;Чайковский;chaykovskiy;0;1;"";57435000000;0;1;"{""id"":569,""parentId"":0,""regionId"":159,""name"":""Чайковский"",""administrative"":0,""okato"":""57435000000"",""is_city"":1}";2026-07-01 16:19:40;2026-07-14 17:00:05
601;districts;570;"";159;159;75;159;66;Соликамск;solikamsk;0;1;"";57430000000;0;1;"{""id"":570,""parentId"":0,""regionId"":159,""name"":""Соликамск"",""administrative"":0,""okato"":""57430000000"",""is_city"":1}";2026-07-01 16:19:40;2026-07-14 17:00:05
602;districts;571;"";159;159;75;159;66;Кунгур;kungur;0;1;"";57422000000;0;1;"{""id"":571,""parentId"":0,""regionId"":159,""name"":""Кунгур"",""administrative"":0,""okato"":""57422000000"",""is_city"":1}";2026-07-01 16:19:40;2026-07-14 17:00:05
603;districts;572;"";159;159;75;159;66;Лысьва;lysva;0;1;"";57427000000;0;1;"{""id"":572,""parentId"":0,""regionId"":159,""name"":""Лысьва"",""administrative"":0,""okato"":""57427000000"",""is_city"":1}";2026-07-01 16:19:40;2026-07-14 17:00:05
604;districts;573;"";159;159;75;159;66;Краснокамск;krasnokamsk;0;1;"";57420000000;0;1;"{""id"":573,""parentId"":0,""regionId"":159,""name"":""Краснокамск"",""administrative"":0,""okato"":""57420000000"",""is_city"":1}";2026-07-01 16:19:40;2026-07-14 17:00:05
605;districts;574;"";159;159;75;159;66;Чусовой;chusovoy;0;1;"";57440000000;0;1;"{""id"":574,""parentId"":0,""regionId"":159,""name"":""Чусовой"",""administrative"":0,""okato"":""57440000000"",""is_city"":1}";2026-07-01 16:19:40;2026-07-14 17:00:05
606;districts;575;"";159;159;75;159;66;Добрянка;dobryanka;0;1;"";57416000000;0;1;"{""id"":575,""parentId"":0,""regionId"":159,""name"":""Добрянка"",""administrative"":0,""okato"":""57416000000"",""is_city"":1}";2026-07-01 16:19:40;2026-07-14 17:00:05
607;districts;576;"";159;159;75;159;66;Чернушка;chernushka;0;1;"";57257501000;0;1;"{""id"":576,""parentId"":0,""regionId"":159,""name"":""Чернушка"",""administrative"":0,""okato"":""57257501000"",""is_city"":1}";2026-07-01 16:19:40;2026-07-14 17:00:05
608;districts;577;"";159;159;75;159;66;Кудымкар;kudymkar;0;1;"";57421000000;0;1;"{""id"":577,""parentId"":0,""regionId"":159,""name"":""Кудымкар"",""administrative"":0,""okato"":""57421000000"",""is_city"":1}";2026-07-01 16:19:40;2026-07-14 17:00:05
609;districts;578;"";159;159;75;159;66;Губаха;gubakha;0;1;"";57415000000;0;1;"{""id"":578,""parentId"":0,""regionId"":159,""name"":""Губаха"",""administrative"":0,""okato"":""57415000000"",""is_city"":1}";2026-07-01 16:19:40;2026-07-14 17:00:05
610;districts;579;"";159;159;75;159;66;Верещагино;vereshchagino;0;1;"";57212501000;0;1;"{""id"":579,""parentId"":0,""regionId"":159,""name"":""Верещагино"",""administrative"":0,""okato"":""57212501000"",""is_city"":1}";2026-07-01 16:19:40;2026-07-14 17:00:05
611;districts;580;"";159;159;75;159;66;Оса;osa;0;1;"";57240501000;0;1;"{""id"":580,""parentId"":0,""regionId"":159,""name"":""Оса"",""administrative"":0,""okato"":""57240501000"",""is_city"":1}";2026-07-01 16:19:40;2026-07-14 17:00:05
612;districts;581;"";159;159;75;159;66;Кизел;kizel;0;1;"";57418000000;0;1;"{""id"":581,""parentId"":0,""regionId"":159,""name"":""Кизел"",""administrative"":0,""okato"":""57418000000"",""is_city"":1}";2026-07-01 16:19:40;2026-07-14 17:00:05
613;districts;582;"";159;159;75;159;66;Нытва;nytva;0;1;"";57234501000;0;1;"{""id"":582,""parentId"":0,""regionId"":159,""name"":""Нытва"",""administrative"":0,""okato"":""57234501000"",""is_city"":1}";2026-07-01 16:19:40;2026-07-14 17:00:05
614;districts;583;"";159;159;75;159;66;Красновишерск;krasnovishersk;0;1;"";57226501000;0;1;"{""id"":583,""parentId"":0,""regionId"":159,""name"":""Красновишерск"",""administrative"":0,""okato"":""57226501000"",""is_city"":1}";2026-07-01 16:19:40;2026-07-14 17:00:05
615;districts;584;"";159;159;75;159;66;Александровск;aleksandrovsk;0;1;"";57405000000;0;1;"{""id"":584,""parentId"":0,""regionId"":159,""name"":""Александровск"",""administrative"":0,""okato"":""57405000000"",""is_city"":1}";2026-07-01 16:19:40;2026-07-14 17:00:05
616;districts;585;"";159;159;75;159;66;Очер;ocher;0;1;"";57244501000;0;1;"{""id"":585,""parentId"":0,""regionId"":159,""name"":""Очер"",""administrative"":0,""okato"":""57244501000"",""is_city"":1}";2026-07-01 16:19:40;2026-07-14 17:00:05
617;districts;586;"";159;159;75;159;66;Горнозаводск;gornozavodsk;0;1;"";57214501000;0;1;"{""id"":586,""parentId"":0,""regionId"":159,""name"":""Горнозаводск"",""administrative"":0,""okato"":""57214501000"",""is_city"":1}";2026-07-01 16:19:40;2026-07-14 17:00:05
618;districts;587;"";159;159;75;159;66;Гремячинск;gremyachinsk;0;1;"";57412000000;0;1;"{""id"":587,""parentId"":0,""regionId"":159,""name"":""Гремячинск"",""administrative"":0,""okato"":""57412000000"",""is_city"":1}";2026-07-01 16:19:40;2026-07-14 17:00:05
619;districts;589;"";125;125;47;125;38;Находка;nakhodka;0;1;"";"05414000000";0;1;"{""id"":589,""parentId"":0,""regionId"":125,""name"":""Находка"",""administrative"":0,""okato"":""05414000000"",""is_city"":1}";2026-07-01 16:19:40;2026-07-14 17:00:05
620;districts;590;"";125;125;47;125;38;Уссурийск;ussuriysk;0;1;"";"05423000000";0;1;"{""id"":590,""parentId"":0,""regionId"":125,""name"":""Уссурийск"",""administrative"":0,""okato"":""05423000000"",""is_city"":1}";2026-07-01 16:19:40;2026-07-14 17:00:05
621;districts;591;"";125;125;47;125;38;Артем;artem;0;1;"";"05405000000";0;1;"{""id"":591,""parentId"":0,""regionId"":125,""name"":""Артем"",""administrative"":0,""okato"":""05405000000"",""is_city"":1}";2026-07-01 16:19:40;2026-07-14 17:00:05
622;districts;592;"";125;125;47;125;38;Арсеньев;arsenev;0;1;"";"05403000000";0;1;"{""id"":592,""parentId"":0,""regionId"":125,""name"":""Арсеньев"",""administrative"":0,""okato"":""05403000000"",""is_city"":1}";2026-07-01 16:19:40;2026-07-14 17:00:05
623;districts;593;"";125;125;47;125;38;Спасск-Дальний;spassk-dalniy;0;1;"";"05420000000";0;1;"{""id"":593,""parentId"":0,""regionId"":125,""name"":""Спасск-Дальний"",""administrative"":0,""okato"":""05420000000"",""is_city"":1}";2026-07-01 16:19:40;2026-07-14 17:00:05
624;districts;594;"";125;125;47;125;38;Большой Камень;bolshoy-kamen;0;1;"";"05406000000";0;1;"{""id"":594,""parentId"":0,""regionId"":125,""name"":""Большой Камень"",""administrative"":0,""okato"":""05406000000"",""is_city"":1}";2026-07-01 16:19:40;2026-07-14 17:00:05
625;districts;595;"";125;125;47;125;38;Партизанск;partizansk;0;1;"";"05417000000";0;1;"{""id"":595,""parentId"":0,""regionId"":125,""name"":""Партизанск"",""administrative"":0,""okato"":""05417000000"",""is_city"":1}";2026-07-01 16:19:40;2026-07-14 17:00:05
626;districts;596;"";125;125;47;125;38;Дальнегорск;dalnegorsk;0;1;"";"05407000000";0;1;"{""id"":596,""parentId"":0,""regionId"":125,""name"":""Дальнегорск"",""administrative"":0,""okato"":""05407000000"",""is_city"":1}";2026-07-01 16:19:40;2026-07-14 17:00:05
627;districts;597;"";125;125;47;125;38;Лесозаводск;lesozavodsk;0;1;"";"05411000000";0;1;"{""id"":597,""parentId"":0,""regionId"":125,""name"":""Лесозаводск"",""administrative"":0,""okato"":""05411000000"",""is_city"":1}";2026-07-01 16:19:40;2026-07-14 17:00:05
628;districts;598;"";125;125;47;125;38;Дальнереченск;dalnerechensk;0;1;"";"05408000000";0;1;"{""id"":598,""parentId"":0,""regionId"":125,""name"":""Дальнереченск"",""administrative"":0,""okato"":""05408000000"",""is_city"":1}";2026-07-01 16:19:40;2026-07-14 17:00:05
629;districts;599;"";125;125;47;125;38;Фокино;fokino;0;1;"";"05547000000";0;1;"{""id"":599,""parentId"":0,""regionId"":125,""name"":""Фокино"",""administrative"":0,""okato"":""05547000000"",""is_city"":1}";2026-07-01 16:19:40;2026-07-14 17:00:05
630;districts;601;"";160;160;76;160;67;Великие Луки;velikie-luki;0;1;"";58410000000;0;1;"{""id"":601,""parentId"":0,""regionId"":160,""name"":""Великие Луки"",""administrative"":0,""okato"":""58410000000"",""is_city"":1}";2026-07-01 16:19:40;2026-07-14 17:00:05
631;districts;602;"";160;160;76;160;67;Остров;ostrov;0;1;"";58233501000;0;1;"{""id"":602,""parentId"":0,""regionId"":160,""name"":""Остров"",""administrative"":0,""okato"":""58233501000"",""is_city"":1}";2026-07-01 16:19:40;2026-07-14 17:00:05
632;districts;603;"";160;160;76;160;67;Невель;nevel;0;1;"";58220501000;0;1;"{""id"":603,""parentId"":0,""regionId"":160,""name"":""Невель"",""administrative"":0,""okato"":""58220501000"",""is_city"":1}";2026-07-01 16:19:40;2026-07-14 17:00:05
633;districts;604;"";160;160;76;160;67;Опочка;opochka;0;1;"";58229501000;0;1;"{""id"":604,""parentId"":0,""regionId"":160,""name"":""Опочка"",""administrative"":0,""okato"":""58229501000"",""is_city"":1}";2026-07-01 16:19:40;2026-07-14 17:00:05
634;districts;605;"";160;160;76;160;67;Печоры;pechory;0;1;"";58240501000;0;1;"{""id"":605,""parentId"":0,""regionId"":160,""name"":""Печоры"",""administrative"":0,""okato"":""58240501000"",""is_city"":1}";2026-07-01 16:19:40;2026-07-14 17:00:05
635;districts;606;"";160;160;76;160;67;Порхов;porkhov;0;1;"";58247501000;0;1;"{""id"":606,""parentId"":0,""regionId"":160,""name"":""Порхов"",""administrative"":0,""okato"":""58247501000"",""is_city"":1}";2026-07-01 16:19:40;2026-07-14 17:00:05
636;districts;607;"";160;160;76;160;67;Дно;dno;0;1;"";58212501000;0;1;"{""id"":607,""parentId"":0,""regionId"":160,""name"":""Дно"",""administrative"":0,""okato"":""58212501000"",""is_city"":1}";2026-07-01 16:19:40;2026-07-14 17:00:05
637;districts;608;"";61;61;9;61;11;Таганрог;taganrog;0;1;"";60437000000;0;1;"{""id"":608,""parentId"":0,""regionId"":61,""name"":""Таганрог"",""administrative"":0,""okato"":""60437000000"",""is_city"":1}";2026-07-01 16:19:40;2026-07-14 17:00:05
638;districts;609;"";61;61;9;61;11;Шахты;shakhty;0;1;"";60440000000;0;1;"{""id"":609,""parentId"":0,""regionId"":61,""name"":""Шахты"",""administrative"":0,""okato"":""60440000000"",""is_city"":1}";2026-07-01 16:19:40;2026-07-14 17:00:05
639;districts;610;"";61;61;9;61;11;Волгодонск;volgodonsk;0;1;"";60412000000;0;1;"{""id"":610,""parentId"":0,""regionId"":61,""name"":""Волгодонск"",""administrative"":0,""okato"":""60412000000"",""is_city"":1}";2026-07-01 16:19:40;2026-07-14 17:00:05
640;districts;611;"";61;61;9;61;11;Новочеркасск;novocherkassk;0;1;"";60427000000;0;1;"{""id"":611,""parentId"":0,""regionId"":61,""name"":""Новочеркасск"",""administrative"":0,""okato"":""60427000000"",""is_city"":1}";2026-07-01 16:19:40;2026-07-14 17:00:05
641;districts;612;"";61;61;9;61;11;Батайск;bataysk;0;1;"";60407000000;0;1;"{""id"":612,""parentId"":0,""regionId"":61,""name"":""Батайск"",""administrative"":0,""okato"":""60407000000"",""is_city"":1}";2026-07-01 16:19:40;2026-07-14 17:00:05
642;districts;613;"";61;61;9;61;11;Новошахтинск;novoshakhtinsk;0;1;"";60430000000;0;1;"{""id"":613,""parentId"":0,""regionId"":61,""name"":""Новошахтинск"",""administrative"":0,""okato"":""60430000000"",""is_city"":1}";2026-07-01 16:19:40;2026-07-14 17:00:05
643;districts;614;"";61;61;9;61;11;Каменск-Шахтинский;kamensk-shakhtinskiy;0;1;"";60419000000;0;1;"{""id"":614,""parentId"":0,""regionId"":61,""name"":""Каменск-Шахтинский"",""administrative"":0,""okato"":""60419000000"",""is_city"":1}";2026-07-01 16:19:40;2026-07-14 17:00:05
644;districts;615;"";61;61;9;61;11;Азов;azov;0;1;"";60404000000;0;1;"{""id"":615,""parentId"":0,""regionId"":61,""name"":""Азов"",""administrative"":0,""okato"":""60404000000"",""is_city"":1}";2026-07-01 16:19:40;2026-07-14 17:00:05
645;districts;616;"";61;61;9;61;11;Гуково;gukovo;0;1;"";60415000000;0;1;"{""id"":616,""parentId"":0,""regionId"":61,""name"":""Гуково"",""administrative"":0,""okato"":""60415000000"",""is_city"":1}";2026-07-01 16:19:40;2026-07-14 17:00:05
646;districts;617;"";61;61;9;61;11;Сальск;salsk;0;1;"";60250501000;0;1;"{""id"":617,""parentId"":0,""regionId"":61,""name"":""Сальск"",""administrative"":0,""okato"":""60250501000"",""is_city"":1}";2026-07-01 16:19:40;2026-07-14 17:00:05
647;districts;618;"";61;61;9;61;11;Донецк;donetsk;0;1;"";60417000000;0;1;"{""id"":618,""parentId"":0,""regionId"":61,""name"":""Донецк"",""administrative"":0,""okato"":""60417000000"",""is_city"":1}";2026-07-01 16:19:40;2026-07-14 17:00:05
648;districts;619;"";61;61;9;61;11;Белая Калитва;belaya-kalitva;0;1;"";60206501000;0;1;"{""id"":619,""parentId"":0,""regionId"":61,""name"":""Белая Калитва"",""administrative"":0,""okato"":""60206501000"",""is_city"":1}";2026-07-01 16:19:40;2026-07-14 17:00:05
649;districts;620;"";61;61;9;61;11;Аксай;aksay;0;1;"";60202501000;0;1;"{""id"":620,""parentId"":0,""regionId"":61,""name"":""Аксай"",""administrative"":0,""okato"":""60202501000"",""is_city"":1}";2026-07-01 16:19:40;2026-07-14 17:00:05
650;districts;621;"";61;61;9;61;11;Красный Сулин;krasnyy-sulin;0;1;"";60226501000;0;1;"{""id"":621,""parentId"":0,""regionId"":61,""name"":""Красный Сулин"",""administrative"":0,""okato"":""60226501000"",""is_city"":1}";2026-07-01 16:19:40;2026-07-14 17:00:05
651;districts;622;"";61;61;9;61;11;Миллерово;millerovo;0;1;"";60232501000;0;1;"{""id"":622,""parentId"":0,""regionId"":61,""name"":""Миллерово"",""administrative"":0,""okato"":""60232501000"",""is_city"":1}";2026-07-01 16:19:40;2026-07-14 17:00:05
652;districts;623;"";61;61;9;61;11;Морозовск;morozovsk;0;1;"";60234501000;0;1;"{""id"":623,""parentId"":0,""regionId"":61,""name"":""Морозовск"",""administrative"":0,""okato"":""60234501000"",""is_city"":1}";2026-07-01 16:19:40;2026-07-14 17:00:05
653;districts;624;"";61;61;9;61;11;Зерноград;zernograd;0;1;"";60218501000;0;1;"{""id"":624,""parentId"":0,""regionId"":61,""name"":""Зерноград"",""administrative"":0,""okato"":""60218501000"",""is_city"":1}";2026-07-01 16:19:40;2026-07-14 17:00:05
654;districts;625;"";61;61;9;61;11;Семикаракорск;semikarakorsk;0;1;"";60251501000;0;1;"{""id"":625,""parentId"":0,""regionId"":61,""name"":""Семикаракорск"",""administrative"":0,""okato"":""60251501000"",""is_city"":1}";2026-07-01 16:19:40;2026-07-14 17:00:05
655;districts;626;"";61;61;9;61;11;Зверево;zverevo;0;1;"";60418000000;0;1;"{""id"":626,""parentId"":0,""regionId"":61,""name"":""Зверево"",""administrative"":0,""okato"":""60418000000"",""is_city"":1}";2026-07-01 16:19:40;2026-07-14 17:00:05
656;districts;627;"";61;61;9;61;11;Пролетарск;proletarsk;0;1;"";60245501000;0;1;"{""id"":627,""parentId"":0,""regionId"":61,""name"":""Пролетарск"",""administrative"":0,""okato"":""60245501000"",""is_city"":1}";2026-07-01 16:19:40;2026-07-14 17:00:05
657;districts;628;"";61;61;9;61;11;Константиновск;konstantinovsk;0;1;"";60225501000;0;1;"{""id"":628,""parentId"":0,""regionId"":61,""name"":""Константиновск"",""administrative"":0,""okato"":""60225501000"",""is_city"":1}";2026-07-01 16:19:40;2026-07-14 17:00:05
658;districts;629;"";61;61;9;61;11;Цимлянск;tsimlyansk;0;1;"";60257501000;0;1;"{""id"":629,""parentId"":0,""regionId"":61,""name"":""Цимлянск"",""administrative"":0,""okato"":""60257501000"",""is_city"":1}";2026-07-01 16:19:40;2026-07-14 17:00:05
659;districts;630;"";162;162;77;162;68;Касимов;kasimov;0;1;"";61405000000;0;1;"{""id"":630,""parentId"":0,""regionId"":162,""name"":""Касимов"",""administrative"":0,""okato"":""61405000000"",""is_city"":1}";2026-07-01 16:19:40;2026-07-14 17:00:05
660;districts;631;"";162;162;77;162;68;Скопин;skopin;0;1;"";61415000000;0;1;"{""id"":631,""parentId"":0,""regionId"":162,""name"":""Скопин"",""administrative"":0,""okato"":""61415000000"",""is_city"":1}";2026-07-01 16:19:40;2026-07-14 17:00:05
661;districts;632;"";162;162;77;162;68;Сасово;sasovo;0;1;"";61410000000;0;1;"{""id"":632,""parentId"":0,""regionId"":162,""name"":""Сасово"",""administrative"":0,""okato"":""61410000000"",""is_city"":1}";2026-07-01 16:19:40;2026-07-14 17:00:05
662;districts;633;"";162;162;77;162;68;Ряжск;ryazhsk;0;1;"";61230501000;0;1;"{""id"":633,""parentId"":0,""regionId"":162,""name"":""Ряжск"",""administrative"":0,""okato"":""61230501000"",""is_city"":1}";2026-07-01 16:19:40;2026-07-14 17:00:05
663;districts;634;"";162;162;77;162;68;Новомичуринск;novomichurinsk;0;1;"";61225514000;0;1;"{""id"":634,""parentId"":0,""regionId"":162,""name"":""Новомичуринск"",""administrative"":0,""okato"":""61225514000"",""is_city"":1}";2026-07-01 16:19:40;2026-07-14 17:00:05
664;districts;635;"";162;162;77;162;68;Рыбное;rybnoe;0;1;"";61227501000;0;1;"{""id"":635,""parentId"":0,""regionId"":162,""name"":""Рыбное"",""administrative"":0,""okato"":""61227501000"",""is_city"":1}";2026-07-01 16:19:40;2026-07-14 17:00:05
665;districts;637;"";162;162;77;162;68;Кораблино;korablino;0;1;"";61212501000;0;1;"{""id"":637,""parentId"":0,""regionId"":162,""name"":""Кораблино"",""administrative"":0,""okato"":""61212501000"",""is_city"":1}";2026-07-01 16:19:40;2026-07-14 17:00:05
666;districts;638;"";162;162;77;162;68;Михайлов;mikhaylov;0;1;"";61217501000;0;1;"{""id"":638,""parentId"":0,""regionId"":162,""name"":""Михайлов"",""administrative"":0,""okato"":""61217501000"",""is_city"":1}";2026-07-01 16:19:40;2026-07-14 17:00:06
667;districts;639;"";63;63;10;63;12;Тольятти;tolyatti;0;1;"";36440000000;0;1;"{""id"":639,""parentId"":0,""regionId"":63,""name"":""Тольятти"",""administrative"":0,""okato"":""36440000000"",""is_city"":1}";2026-07-01 16:19:40;2026-07-14 17:00:06
668;districts;640;"";63;63;10;63;12;Сызрань;syzran;0;1;"";36435000000;0;1;"{""id"":640,""parentId"":0,""regionId"":63,""name"":""Сызрань"",""administrative"":0,""okato"":""36435000000"",""is_city"":1}";2026-07-01 16:19:40;2026-07-14 17:00:06
669;districts;641;"";63;63;10;63;12;Новокуйбышевск;novokuybyshevsk;0;1;"";36413000000;0;1;"{""id"":641,""parentId"":0,""regionId"":63,""name"":""Новокуйбышевск"",""administrative"":0,""okato"":""36413000000"",""is_city"":1}";2026-07-01 16:19:40;2026-07-14 17:00:06
670;districts;642;"";63;63;10;63;12;Чапаевск;chapaevsk;0;1;"";36450000000;0;1;"{""id"":642,""parentId"":0,""regionId"":63,""name"":""Чапаевск"",""administrative"":0,""okato"":""36450000000"",""is_city"":1}";2026-07-01 16:19:40;2026-07-14 17:00:06
671;districts;643;"";63;63;10;63;12;Жигулевск;zhigulevsk;0;1;"";36404000000;0;1;"{""id"":643,""parentId"":0,""regionId"":63,""name"":""Жигулевск"",""administrative"":0,""okato"":""36404000000"",""is_city"":1}";2026-07-01 16:19:40;2026-07-14 17:00:06
672;districts;644;"";63;63;10;63;12;Отрадный;otradnyy;0;1;"";36424000000;0;1;"{""id"":644,""parentId"":0,""regionId"":63,""name"":""Отрадный"",""administrative"":0,""okato"":""36424000000"",""is_city"":1}";2026-07-01 16:19:40;2026-07-14 17:00:06
673;districts;645;"";63;63;10;63;12;Кинель;kinel;0;1;"";36408000000;0;1;"{""id"":645,""parentId"":0,""regionId"":63,""name"":""Кинель"",""administrative"":0,""okato"":""36408000000"",""is_city"":1}";2026-07-01 16:19:40;2026-07-14 17:00:06
674;districts;646;"";63;63;10;63;12;Похвистнево;pokhvistnevo;0;1;"";36427000000;0;1;"{""id"":646,""parentId"":0,""regionId"":63,""name"":""Похвистнево"",""administrative"":0,""okato"":""36427000000"",""is_city"":1}";2026-07-01 16:19:40;2026-07-14 17:00:06
675;districts;647;"";63;63;10;63;12;Октябрьск;oktyabrsk;0;1;"";36418000000;0;1;"{""id"":647,""parentId"":0,""regionId"":63,""name"":""Октябрьск"",""administrative"":0,""okato"":""36418000000"",""is_city"":1}";2026-07-01 16:19:40;2026-07-14 17:00:06
676;districts;648;"";63;63;10;63;12;Нефтегорск;neftegorsk;0;1;"";36230501000;0;1;"{""id"":648,""parentId"":0,""regionId"":63,""name"":""Нефтегорск"",""administrative"":0,""okato"":""36230501000"",""is_city"":1}";2026-07-01 16:19:40;2026-07-14 17:00:06
677;districts;650;"";164;164;78;164;69;Энгельс;engels;0;1;"";63250501000;0;1;"{""id"":650,""parentId"":0,""regionId"":164,""name"":""Энгельс"",""administrative"":0,""okato"":""63250501000"",""is_city"":1}";2026-07-01 16:19:40;2026-07-14 17:00:06
678;districts;651;"";164;164;78;164;69;Балаково;balakovo;0;1;"";63207501000;0;1;"{""id"":651,""parentId"":0,""regionId"":164,""name"":""Балаково"",""administrative"":0,""okato"":""63207501000"",""is_city"":1}";2026-07-01 16:19:40;2026-07-14 17:00:06
679;districts;652;"";164;164;78;164;69;Балашов;balashov;0;1;"";63208501000;0;1;"{""id"":652,""parentId"":0,""regionId"":164,""name"":""Балашов"",""administrative"":0,""okato"":""63208501000"",""is_city"":1}";2026-07-01 16:19:40;2026-07-14 17:00:06
680;districts;653;"";164;164;78;164;69;Вольск;volsk;0;1;"";63211501000;0;1;"{""id"":653,""parentId"":0,""regionId"":164,""name"":""Вольск"",""administrative"":0,""okato"":""63211501000"",""is_city"":1}";2026-07-01 16:19:40;2026-07-14 17:00:06
681;districts;654;"";164;164;78;164;69;Пугачев;pugachev;0;1;"";63237501000;0;1;"{""id"":654,""parentId"":0,""regionId"":164,""name"":""Пугачев"",""administrative"":0,""okato"":""63237501000"",""is_city"":1}";2026-07-01 16:19:40;2026-07-14 17:00:06
682;districts;655;"";164;164;78;164;69;Ртищево;rtishchevo;0;1;"";63241501000;0;1;"{""id"":655,""parentId"":0,""regionId"":164,""name"":""Ртищево"",""administrative"":0,""okato"":""63241501000"",""is_city"":1}";2026-07-01 16:19:40;2026-07-14 17:00:06
683;districts;656;"";164;164;78;164;69;Маркс;marks;0;1;"";63226501000;0;1;"{""id"":656,""parentId"":0,""regionId"":164,""name"":""Маркс"",""administrative"":0,""okato"":""63226501000"",""is_city"":1}";2026-07-01 16:19:40;2026-07-14 17:00:06
684;districts;657;"";164;164;78;164;69;Петровск;petrovsk;0;1;"";63235501000;0;1;"{""id"":657,""parentId"":0,""regionId"":164,""name"":""Петровск"",""administrative"":0,""okato"":""63235501000"",""is_city"":1}";2026-07-01 16:19:41;2026-07-14 17:00:06
685;districts;658;"";164;164;78;164;69;Аткарск;atkarsk;0;1;"";63204501000;0;1;"{""id"":658,""parentId"":0,""regionId"":164,""name"":""Аткарск"",""administrative"":0,""okato"":""63204501000"",""is_city"":1}";2026-07-01 16:19:41;2026-07-14 17:00:06
686;districts;659;"";164;164;78;164;69;Красноармейск;krasnoarmeysk;0;1;"";63222501000;0;1;"{""id"":659,""parentId"":0,""regionId"":164,""name"":""Красноармейск"",""administrative"":0,""okato"":""63222501000"",""is_city"":1}";2026-07-01 16:19:41;2026-07-14 17:00:06
687;districts;660;"";164;164;78;164;69;Ершов;ershov;0;1;"";63217501000;0;1;"{""id"":660,""parentId"":0,""regionId"":164,""name"":""Ершов"",""administrative"":0,""okato"":""63217501000"",""is_city"":1}";2026-07-01 16:19:41;2026-07-14 17:00:06
688;districts;661;"";164;164;78;164;69;Новоузенск;novouzensk;0;1;"";63230501000;0;1;"{""id"":661,""parentId"":0,""regionId"":164,""name"":""Новоузенск"",""administrative"":0,""okato"":""63230501000"",""is_city"":1}";2026-07-01 16:19:41;2026-07-14 17:00:06
689;districts;662;"";164;164;78;164;69;Калининск;kalininsk;0;1;"";63221501000;0;1;"{""id"":662,""parentId"":0,""regionId"":164,""name"":""Калининск"",""administrative"":0,""okato"":""63221501000"",""is_city"":1}";2026-07-01 16:19:41;2026-07-14 17:00:06
690;districts;663;"";164;164;78;164;69;Красный Кут;krasnyy-kut;0;1;"";63223501000;0;1;"{""id"":663,""parentId"":0,""regionId"":164,""name"":""Красный Кут"",""administrative"":0,""okato"":""63223501000"",""is_city"":1}";2026-07-01 16:19:41;2026-07-14 17:00:06
691;districts;664;"";164;164;78;164;69;Хвалынск;khvalynsk;0;1;"";63249501000;0;1;"{""id"":664,""parentId"":0,""regionId"":164,""name"":""Хвалынск"",""administrative"":0,""okato"":""63249501000"",""is_city"":1}";2026-07-01 16:19:41;2026-07-14 17:00:06
692;districts;665;"";164;164;78;164;69;Аркадак;arkadak;0;1;"";63203501000;0;1;"{""id"":665,""parentId"":0,""regionId"":164,""name"":""Аркадак"",""administrative"":0,""okato"":""63203501000"",""is_city"":1}";2026-07-01 16:19:41;2026-07-14 17:00:06
693;districts;667;"";114;114;37;114;27;Нерюнгри;neryungri;0;1;"";98260501000;0;1;"{""id"":667,""parentId"":0,""regionId"":114,""name"":""Нерюнгри"",""administrative"":0,""okato"":""98260501000"",""is_city"":1}";2026-07-01 16:19:41;2026-07-14 17:00:06
694;districts;668;"";114;114;37;114;27;Мирный;mirnyy;0;1;"";98404000000;0;1;"{""id"":668,""parentId"":0,""regionId"":114,""name"":""Мирный"",""administrative"":0,""okato"":""98404000000"",""is_city"":1}";2026-07-01 16:19:41;2026-07-14 17:00:06
695;districts;669;"";114;114;37;114;27;Ленск;lensk;0;1;"";98227501000;0;1;"{""id"":669,""parentId"":0,""regionId"":114,""name"":""Ленск"",""administrative"":0,""okato"":""98227501000"",""is_city"":1}";2026-07-01 16:19:41;2026-07-14 17:00:06
696;districts;670;"";114;114;37;114;27;Алдан;aldan;0;1;"";98203501000;0;1;"{""id"":670,""parentId"":0,""regionId"":114,""name"":""Алдан"",""administrative"":0,""okato"":""98203501000"",""is_city"":1}";2026-07-01 16:19:41;2026-07-14 17:00:06
697;districts;671;"";114;114;37;114;27;Удачный;udachnyy;0;1;"";98231509000;0;1;"{""id"":671,""parentId"":0,""regionId"":114,""name"":""Удачный"",""administrative"":0,""okato"":""98231509000"",""is_city"":1}";2026-07-01 16:19:41;2026-07-14 17:00:06
698;districts;672;"";114;114;37;114;27;Вилюйск;vilyuysk;0;1;"";98218501000;0;1;"{""id"":672,""parentId"":0,""regionId"":114,""name"":""Вилюйск"",""administrative"":0,""okato"":""98218501000"",""is_city"":1}";2026-07-01 16:19:41;2026-07-14 17:00:06
699;districts;673;"";114;114;37;114;27;Нюрба;nyurba;0;1;"";98409000000;0;1;"{""id"":673,""parentId"":0,""regionId"":114,""name"":""Нюрба"",""administrative"":0,""okato"":""98409000000"",""is_city"":1}";2026-07-01 16:19:41;2026-07-14 17:00:06
700;districts;675;"";165;165;79;165;70;Корсаков;korsakov;0;1;"";64216501000;0;1;"{""id"":675,""parentId"":0,""regionId"":165,""name"":""Корсаков"",""administrative"":0,""okato"":""64216501000"",""is_city"":1}";2026-07-01 16:19:41;2026-07-14 17:00:06
701;districts;676;"";165;165;79;165;70;Холмск;kholmsk;0;1;"";64254501000;0;1;"{""id"":676,""parentId"":0,""regionId"":165,""name"":""Холмск"",""administrative"":0,""okato"":""64254501000"",""is_city"":1}";2026-07-01 16:19:41;2026-07-14 17:00:06
702;districts;677;"";165;165;79;165;70;Оха;okha;0;1;"";64236501000;0;1;"{""id"":677,""parentId"":0,""regionId"":165,""name"":""Оха"",""administrative"":0,""okato"":""64236501000"",""is_city"":1}";2026-07-01 16:19:41;2026-07-14 17:00:06
703;districts;678;"";165;165;79;165;70;Поронайск;poronaysk;0;1;"";64240501000;0;1;"{""id"":678,""parentId"":0,""regionId"":165,""name"":""Поронайск"",""administrative"":0,""okato"":""64240501000"",""is_city"":1}";2026-07-01 16:19:41;2026-07-14 17:00:06
704;districts;679;"";165;165;79;165;70;Долинск;dolinsk;0;1;"";64212501000;0;1;"{""id"":679,""parentId"":0,""regionId"":165,""name"":""Долинск"",""administrative"":0,""okato"":""64212501000"",""is_city"":1}";2026-07-01 16:19:41;2026-07-14 17:00:06
705;districts;680;"";165;165;79;165;70;Невельск;nevelsk;0;1;"";64228501000;0;1;"{""id"":680,""parentId"":0,""regionId"":165,""name"":""Невельск"",""administrative"":0,""okato"":""64228501000"",""is_city"":1}";2026-07-01 16:19:41;2026-07-14 17:00:06
706;districts;681;"";165;165;79;165;70;Александровск-Сахалинский;aleksandrovsk-sakhalinskiy;0;1;"";64204501000;0;1;"{""id"":681,""parentId"":0,""regionId"":165,""name"":""Александровск-Сахалинский"",""administrative"":0,""okato"":""64204501000"",""is_city"":1}";2026-07-01 16:19:41;2026-07-14 17:00:06
707;districts;682;"";165;165;79;165;70;Углегорск;uglegorsk;0;1;"";64252501000;0;1;"{""id"":682,""parentId"":0,""regionId"":165,""name"":""Углегорск"",""administrative"":0,""okato"":""64252501000"",""is_city"":1}";2026-07-01 16:19:41;2026-07-14 17:00:06
708;districts;683;"";66;66;11;66;13;Нижний Тагил;nizhnij-tagil;0;1;"";65476000000;0;1;"{""id"":683,""parentId"":0,""regionId"":66,""name"":""Нижний Тагил"",""administrative"":0,""okato"":""65476000000"",""is_city"":1}";2026-07-01 16:19:41;2026-07-14 17:00:06
709;districts;684;"";66;66;11;66;13;Каменск-Уральский;kamensk-uralskij;0;1;"";65436000000;0;1;"{""id"":684,""parentId"":0,""regionId"":66,""name"":""Каменск-Уральский"",""administrative"":0,""okato"":""65436000000"",""is_city"":1}";2026-07-01 16:19:41;2026-07-14 17:00:06
710;districts;685;"";66;66;11;66;13;Первоуральск;pervouralsk;0;1;"";65480000000;0;1;"{""id"":685,""parentId"":0,""regionId"":66,""name"":""Первоуральск"",""administrative"":0,""okato"":""65480000000"",""is_city"":1}";2026-07-01 16:19:41;2026-07-14 17:00:06
711;districts;686;"";66;66;11;66;13;Серов;serov;0;1;"";65492000000;0;1;"{""id"":686,""parentId"":0,""regionId"":66,""name"":""Серов"",""administrative"":0,""okato"":""65492000000"",""is_city"":1}";2026-07-01 16:19:41;2026-07-14 17:00:06
712;districts;687;"";66;66;11;66;13;Новоуральск;novouralsk;0;1;"";65540000000;0;1;"{""id"":687,""parentId"":0,""regionId"":66,""name"":""Новоуральск"",""administrative"":0,""okato"":""65540000000"",""is_city"":1}";2026-07-01 16:19:41;2026-07-14 17:00:06
713;districts;688;"";66;66;11;66;13;Асбест;asbest;0;1;"";65409000000;0;1;"{""id"":688,""parentId"":0,""regionId"":66,""name"":""Асбест"",""administrative"":0,""okato"":""65409000000"",""is_city"":1}";2026-07-01 16:19:41;2026-07-14 17:00:06
714;districts;689;"";66;66;11;66;13;Полевской;polevskoj;0;1;"";65482000000;0;1;"{""id"":689,""parentId"":0,""regionId"":66,""name"":""Полевской"",""administrative"":0,""okato"":""65482000000"",""is_city"":1}";2026-07-01 16:19:41;2026-07-14 17:00:06
715;districts;690;"";66;66;11;66;13;Ревда;revda;0;1;"";65484000000;0;1;"{""id"":690,""parentId"":0,""regionId"":66,""name"":""Ревда"",""administrative"":0,""okato"":""65484000000"",""is_city"":1}";2026-07-01 16:19:41;2026-07-14 17:00:06
716;districts;691;"";66;66;11;66;13;Краснотурьинск;krasnoturinsk;0;1;"";65456000000;0;1;"{""id"":691,""parentId"":0,""regionId"":66,""name"":""Краснотурьинск"",""administrative"":0,""okato"":""65456000000"",""is_city"":1}";2026-07-01 16:19:41;2026-07-14 17:00:06
717;districts;692;"";66;66;11;66;13;Верхняя Пышма;verkhnyaya_pyshma;0;1;"";65420000000;0;1;"{""id"":692,""parentId"":0,""regionId"":66,""name"":""Верхняя Пышма"",""administrative"":0,""okato"":""65420000000"",""is_city"":1}";2026-07-01 16:19:41;2026-07-14 17:00:06
718;districts;695;"";66;66;11;66;13;Верхняя Салда;verkhnyaya-salda;0;1;"";65211501000;0;1;"{""id"":695,""parentId"":0,""regionId"":66,""name"":""Верхняя Салда"",""administrative"":0,""okato"":""65211501000"",""is_city"":1}";2026-07-01 16:19:41;2026-07-14 17:00:06
719;districts;696;"";66;66;11;66;13;Качканар;kachkanar;0;1;"";65448000000;0;1;"{""id"":696,""parentId"":0,""regionId"":66,""name"":""Качканар"",""administrative"":0,""okato"":""65448000000"",""is_city"":1}";2026-07-01 16:19:41;2026-07-14 17:00:06
720;districts;697;"";66;66;11;66;13;Красноуфимск;krasnoufimsk;0;1;"";65468000000;0;1;"{""id"":697,""parentId"":0,""regionId"":66,""name"":""Красноуфимск"",""administrative"":0,""okato"":""65468000000"",""is_city"":1}";2026-07-01 16:19:41;2026-07-14 17:00:07
721;districts;698;"";66;66;11;66;13;Ирбит;irbit;0;1;"";65432000000;0;1;"{""id"":698,""parentId"":0,""regionId"":66,""name"":""Ирбит"",""administrative"":0,""okato"":""65432000000"",""is_city"":1}";2026-07-01 16:19:41;2026-07-14 17:00:07
722;districts;699;"";66;66;11;66;13;Алапаевск;alapaevsk;0;1;"";65403000000;0;1;"{""id"":699,""parentId"":0,""regionId"":66,""name"":""Алапаевск"",""administrative"":0,""okato"":""65403000000"",""is_city"":1}";2026-07-01 16:19:41;2026-07-14 17:00:07
723;districts;700;"";66;66;11;66;13;Реж;rezh;0;1;"";65236501000;0;1;"{""id"":700,""parentId"":0,""regionId"":66,""name"":""Реж"",""administrative"":0,""okato"":""65236501000"",""is_city"":1}";2026-07-01 16:19:41;2026-07-14 17:00:07
724;districts;701;"";66;66;11;66;13;Тавда;tavda;0;1;"";65248501000;0;1;"{""id"":701,""parentId"":0,""regionId"":66,""name"":""Тавда"",""administrative"":0,""okato"":""65248501000"",""is_city"":1}";2026-07-01 16:19:41;2026-07-14 17:00:07
725;districts;702;"";66;66;11;66;13;Сухой Лог;sukhoy-log;0;1;"";65240501000;0;1;"{""id"":702,""parentId"":0,""regionId"":66,""name"":""Сухой Лог"",""administrative"":0,""okato"":""65240501000"",""is_city"":1}";2026-07-01 16:19:41;2026-07-14 17:00:07
726;districts;703;"";66;66;11;66;13;Артемовский;artemovskiy;0;1;"";65202501000;0;1;"{""id"":703,""parentId"":0,""regionId"":66,""name"":""Артемовский"",""administrative"":0,""okato"":""65202501000"",""is_city"":1}";2026-07-01 16:19:41;2026-07-14 17:00:07
727;districts;704;"";66;66;11;66;13;Богданович;bogdanovich;0;1;"";65210501000;0;1;"{""id"":704,""parentId"":0,""regionId"":66,""name"":""Богданович"",""administrative"":0,""okato"":""65210501000"",""is_city"":1}";2026-07-01 16:19:41;2026-07-14 17:00:07
728;districts;705;"";66;66;11;66;13;Кушва;kushva;0;1;"";65470000000;0;1;"{""id"":705,""parentId"":0,""regionId"":66,""name"":""Кушва"",""administrative"":0,""okato"":""65470000000"",""is_city"":1}";2026-07-01 16:19:41;2026-07-14 17:00:07
729;districts;706;"";66;66;11;66;13;Североуральск;severouralsk;0;1;"";65490000000;0;1;"{""id"":706,""parentId"":0,""regionId"":66,""name"":""Североуральск"",""administrative"":0,""okato"":""65490000000"",""is_city"":1}";2026-07-01 16:19:41;2026-07-14 17:00:07
730;districts;707;"";66;66;11;66;13;Карпинск;karpinsk;0;1;"";65445000000;0;1;"{""id"":707,""parentId"":0,""regionId"":66,""name"":""Карпинск"",""administrative"":0,""okato"":""65445000000"",""is_city"":1}";2026-07-01 16:19:41;2026-07-14 17:00:07
731;districts;708;"";66;66;11;66;13;Камышлов;kamyshlov;0;1;"";65440000000;0;1;"{""id"":708,""parentId"":0,""regionId"":66,""name"":""Камышлов"",""administrative"":0,""okato"":""65440000000"",""is_city"":1}";2026-07-01 16:19:41;2026-07-14 17:00:07
732;districts;709;"";66;66;11;66;13;Заречный;zarechnyy;0;1;"";65426000000;0;1;"{""id"":709,""parentId"":0,""regionId"":66,""name"":""Заречный"",""administrative"":0,""okato"":""65426000000"",""is_city"":1}";2026-07-01 16:19:42;2026-07-14 17:00:07
733;districts;710;"";66;66;11;66;13;Красноуральск;krasnouralsk;0;1;"";65460000000;0;1;"{""id"":710,""parentId"":0,""regionId"":66,""name"":""Красноуральск"",""administrative"":0,""okato"":""65460000000"",""is_city"":1}";2026-07-01 16:19:42;2026-07-14 17:00:07
734;districts;711;"";66;66;11;66;13;Невьянск;nevyansk;0;1;"";65227501000;0;1;"{""id"":711,""parentId"":0,""regionId"":66,""name"":""Невьянск"",""administrative"":0,""okato"":""65227501000"",""is_city"":1}";2026-07-01 16:19:42;2026-07-14 17:00:07
735;districts;712;"";66;66;11;66;13;Нижняя Тура;nizhnyaya-tura;0;1;"";65478000000;0;1;"{""id"":712,""parentId"":0,""regionId"":66,""name"":""Нижняя Тура"",""administrative"":0,""okato"":""65478000000"",""is_city"":1}";2026-07-01 16:19:42;2026-07-14 17:00:07
736;districts;713;"";66;66;11;66;13;Кировград;kirovgrad;0;1;"";65453000000;0;1;"{""id"":713,""parentId"":0,""regionId"":66,""name"":""Кировград"",""administrative"":0,""okato"":""65453000000"",""is_city"":1}";2026-07-01 16:19:42;2026-07-14 17:00:07
737;districts;714;"";66;66;11;66;13;Сысерть;sysert;0;1;"";65241501000;0;1;"{""id"":714,""parentId"":0,""regionId"":66,""name"":""Сысерть"",""administrative"":0,""okato"":""65241501000"",""is_city"":1}";2026-07-01 16:19:42;2026-07-14 17:00:07
738;districts;715;"";66;66;11;66;13;Среднеуральск;sredneuralsk;0;1;"";65420505000;0;1;"{""id"":715,""parentId"":0,""regionId"":66,""name"":""Среднеуральск"",""administrative"":0,""okato"":""65420505000"",""is_city"":1}";2026-07-01 16:19:42;2026-07-14 17:00:07
739;districts;716;"";66;66;11;66;13;Туринск;turinsk;0;1;"";65254501000;0;1;"{""id"":716,""parentId"":0,""regionId"":66,""name"":""Туринск"",""administrative"":0,""okato"":""65254501000"",""is_city"":1}";2026-07-01 16:19:42;2026-07-14 17:00:07
740;districts;717;"";66;66;11;66;13;Ивдель;ivdel;0;1;"";65428000000;0;1;"{""id"":717,""parentId"":0,""regionId"":66,""name"":""Ивдель"",""administrative"":0,""okato"":""65428000000"",""is_city"":1}";2026-07-01 16:19:42;2026-07-14 17:00:07
741;districts;718;"";66;66;11;66;13;Нижняя Салда;nizhnyaya-salda;0;1;"";65477000000;0;1;"{""id"":718,""parentId"":0,""regionId"":66,""name"":""Нижняя Салда"",""administrative"":0,""okato"":""65477000000"",""is_city"":1}";2026-07-01 16:19:42;2026-07-14 17:00:07
742;districts;719;"";66;66;11;66;13;Талица;talitsa;0;1;"";65249501000;0;1;"{""id"":719,""parentId"":0,""regionId"":66,""name"":""Талица"",""administrative"":0,""okato"":""65249501000"",""is_city"":1}";2026-07-01 16:19:42;2026-07-14 17:00:07
743;districts;720;"";66;66;11;66;13;Дегтярск;degtyarsk;0;1;"";65484503000;0;1;"{""id"":720,""parentId"":0,""regionId"":66,""name"":""Дегтярск"",""administrative"":0,""okato"":""65484503000"",""is_city"":1}";2026-07-01 16:19:42;2026-07-14 17:00:07
744;districts;722;"";115;115;38;115;28;Моздок;mozdok;0;1;"";90230501000;0;1;"{""id"":722,""parentId"":0,""regionId"":115,""name"":""Моздок"",""administrative"":0,""okato"":""90230501000"",""is_city"":1}";2026-07-01 16:19:42;2026-07-14 17:00:07
745;districts;723;"";115;115;38;115;28;Беслан;beslan;0;1;"";90235501000;0;1;"{""id"":723,""parentId"":0,""regionId"":115,""name"":""Беслан"",""administrative"":0,""okato"":""90235501000"",""is_city"":1}";2026-07-01 16:19:42;2026-07-14 17:00:07
746;districts;724;"";115;115;38;115;28;Алагир;alagir;0;1;"";90205501000;0;1;"{""id"":724,""parentId"":0,""regionId"":115,""name"":""Алагир"",""administrative"":0,""okato"":""90205501000"",""is_city"":1}";2026-07-01 16:19:42;2026-07-14 17:00:07
747;districts;725;"";115;115;38;115;28;Ардон;ardon;0;1;"";90210501000;0;1;"{""id"":725,""parentId"":0,""regionId"":115,""name"":""Ардон"",""administrative"":0,""okato"":""90210501000"",""is_city"":1}";2026-07-01 16:19:42;2026-07-14 17:00:07
748;districts;727;"";167;167;80;167;71;Вязьма;vyazma;0;1;"";66205501000;0;1;"{""id"":727,""parentId"":0,""regionId"":167,""name"":""Вязьма"",""administrative"":0,""okato"":""66205501000"",""is_city"":1}";2026-07-01 16:19:42;2026-07-14 17:00:07
749;districts;728;"";167;167;80;167;71;Рославль;roslavl;0;1;"";66236501000;0;1;"{""id"":728,""parentId"":0,""regionId"":167,""name"":""Рославль"",""administrative"":0,""okato"":""66236501000"",""is_city"":1}";2026-07-01 16:19:42;2026-07-14 17:00:07
750;districts;729;"";167;167;80;167;71;Ярцево;yartsevo;0;1;"";66258501000;0;1;"{""id"":729,""parentId"":0,""regionId"":167,""name"":""Ярцево"",""administrative"":0,""okato"":""66258501000"",""is_city"":1}";2026-07-01 16:19:42;2026-07-14 17:00:07
751;districts;730;"";167;167;80;167;71;Сафоново;safonovo;0;1;"";66241501000;0;1;"{""id"":730,""parentId"":0,""regionId"":167,""name"":""Сафоново"",""administrative"":0,""okato"":""66241501000"",""is_city"":1}";2026-07-01 16:19:42;2026-07-14 17:00:07
752;districts;731;"";167;167;80;167;71;Гагарин;gagarin;0;1;"";66208501000;0;1;"{""id"":731,""parentId"":0,""regionId"":167,""name"":""Гагарин"",""administrative"":0,""okato"":""66208501000"",""is_city"":1}";2026-07-01 16:19:42;2026-07-14 17:00:07
753;districts;732;"";167;167;80;167;71;Десногорск;desnogorsk;0;1;"";66410000000;0;1;"{""id"":732,""parentId"":0,""regionId"":167,""name"":""Десногорск"",""administrative"":0,""okato"":""66410000000"",""is_city"":1}";2026-07-01 16:19:42;2026-07-14 17:00:07
754;districts;733;"";167;167;80;167;71;Дорогобуж;dorogobuzh;0;1;"";66214501000;0;1;"{""id"":733,""parentId"":0,""regionId"":167,""name"":""Дорогобуж"",""administrative"":0,""okato"":""66214501000"",""is_city"":1}";2026-07-01 16:19:42;2026-07-14 17:00:07
755;districts;735;"";126;126;48;126;39;Пятигорск;pyatigorsk;0;1;"";"07427000000";0;1;"{""id"":735,""parentId"":0,""regionId"":126,""name"":""Пятигорск"",""administrative"":0,""okato"":""07427000000"",""is_city"":1}";2026-07-01 16:19:42;2026-07-14 17:00:07
756;districts;736;"";126;126;48;126;39;Кисловодск;kislovodsk;0;1;"";"07415000000";0;1;"{""id"":736,""parentId"":0,""regionId"":126,""name"":""Кисловодск"",""administrative"":0,""okato"":""07415000000"",""is_city"":1}";2026-07-01 16:19:42;2026-07-14 17:00:07
757;districts;737;"";126;126;48;126;39;Невинномысск;nevinnomyssk;0;1;"";"07424000000";0;1;"{""id"":737,""parentId"":0,""regionId"":126,""name"":""Невинномысск"",""administrative"":0,""okato"":""07424000000"",""is_city"":1}";2026-07-01 16:19:42;2026-07-14 17:00:07
758;districts;738;"";126;126;48;126;39;Ессентуки;essentuki;0;1;"";"07410000000";0;1;"{""id"":738,""parentId"":0,""regionId"":126,""name"":""Ессентуки"",""administrative"":0,""okato"":""07410000000"",""is_city"":1}";2026-07-01 16:19:42;2026-07-14 17:00:07
759;districts;739;"";126;126;48;126;39;Минеральные Воды;mineralnye-vody;0;1;"";"07421000000";0;1;"{""id"":739,""parentId"":0,""regionId"":126,""name"":""Минеральные Воды"",""administrative"":0,""okato"":""07421000000"",""is_city"":1}";2026-07-01 16:19:42;2026-07-14 17:00:07
760;districts;740;"";126;126;48;126;39;Георгиевск;georgievsk;0;1;"";"07407000000";0;1;"{""id"":740,""parentId"":0,""regionId"":126,""name"":""Георгиевск"",""administrative"":0,""okato"":""07407000000"",""is_city"":1}";2026-07-01 16:19:42;2026-07-14 17:00:07
761;districts;741;"";126;126;48;126;39;Михайловск;stavropol_mihajlovsk;0;1;"";"07258501000";0;1;"{""id"":741,""parentId"":0,""regionId"":126,""name"":""Михайловск"",""administrative"":0,""okato"":""07258501000"",""is_city"":1}";2026-07-01 16:19:42;2026-07-14 17:00:07
762;districts;742;"";126;126;48;126;39;Буденновск;budennovsk;0;1;"";"07402000000";0;1;"{""id"":742,""parentId"":0,""regionId"":126,""name"":""Буденновск"",""administrative"":0,""okato"":""07402000000"",""is_city"":1}";2026-07-01 16:19:42;2026-07-14 17:00:07
763;districts;743;"";126;126;48;126;39;Изобильный;izobilnyy;0;1;"";"07220501000";0;1;"{""id"":743,""parentId"":0,""regionId"":126,""name"":""Изобильный"",""administrative"":0,""okato"":""07220501000"",""is_city"":1}";2026-07-01 16:19:42;2026-07-14 17:00:07
764;districts;744;"";126;126;48;126;39;Светлоград;svetlograd;0;1;"";"07246501000";0;1;"{""id"":744,""parentId"":0,""regionId"":126,""name"":""Светлоград"",""administrative"":0,""okato"":""07246501000"",""is_city"":1}";2026-07-01 16:19:42;2026-07-14 17:00:07
765;districts;745;"";126;126;48;126;39;Зеленокумск;zelenokumsk;0;1;"";"07250501000";0;1;"{""id"":745,""parentId"":0,""regionId"":126,""name"":""Зеленокумск"",""administrative"":0,""okato"":""07250501000"",""is_city"":1}";2026-07-01 16:19:42;2026-07-14 17:00:07
766;districts;746;"";126;126;48;126;39;Благодарный;blagodarnyy;0;1;"";"07210501000";0;1;"{""id"":746,""parentId"":0,""regionId"":126,""name"":""Благодарный"",""administrative"":0,""okato"":""07210501000"",""is_city"":1}";2026-07-01 16:19:42;2026-07-14 17:00:07
767;districts;747;"";126;126;48;126;39;Нефтекумск;neftekumsk;0;1;"";"07241501000";0;1;"{""id"":747,""parentId"":0,""regionId"":126,""name"":""Нефтекумск"",""administrative"":0,""okato"":""07241501000"",""is_city"":1}";2026-07-01 16:19:42;2026-07-14 17:00:07
768;districts;748;"";126;126;48;126;39;Новоалександровск;novoaleksandrovsk;0;1;"";"07243501000";0;1;"{""id"":748,""parentId"":0,""regionId"":126,""name"":""Новоалександровск"",""administrative"":0,""okato"":""07243501000"",""is_city"":1}";2026-07-01 16:19:42;2026-07-14 17:00:07
769;districts;749;"";126;126;48;126;39;Новопавловск;novopavlovsk;0;1;"";"07225501000";0;1;"{""id"":749,""parentId"":0,""regionId"":126,""name"":""Новопавловск"",""administrative"":0,""okato"":""07225501000"",""is_city"":1}";2026-07-01 16:19:42;2026-07-14 17:00:07
770;districts;750;"";126;126;48;126;39;Ипатово;ipatovo;0;1;"";"07222501000";0;1;"{""id"":750,""parentId"":0,""regionId"":126,""name"":""Ипатово"",""administrative"":0,""okato"":""07222501000"",""is_city"":1}";2026-07-01 16:19:42;2026-07-14 17:00:07
771;districts;751;"";126;126;48;126;39;Железноводск;zheleznovodsk;0;1;"";"07412000000";0;1;"{""id"":751,""parentId"":0,""regionId"":126,""name"":""Железноводск"",""administrative"":0,""okato"":""07412000000"",""is_city"":1}";2026-07-01 16:19:42;2026-07-14 17:00:07
772;districts;752;"";126;126;48;126;39;Лермонтов;lermontov;0;1;"";"07418000000";0;1;"{""id"":752,""parentId"":0,""regionId"":126,""name"":""Лермонтов"",""administrative"":0,""okato"":""07418000000"",""is_city"":1}";2026-07-01 16:19:42;2026-07-14 17:00:07
773;districts;755;"";168;168;81;168;72;Мичуринск;michurinsk;0;1;"";68415000000;0;1;"{""id"":755,""parentId"":0,""regionId"":168,""name"":""Мичуринск"",""administrative"":0,""okato"":""68415000000"",""is_city"":1}";2026-07-01 16:19:42;2026-07-14 17:00:07
774;districts;756;"";168;168;81;168;72;Рассказово;rasskazovo;0;1;"";68425000000;0;1;"{""id"":756,""parentId"":0,""regionId"":168,""name"":""Рассказово"",""administrative"":0,""okato"":""68425000000"",""is_city"":1}";2026-07-01 16:19:42;2026-07-14 17:00:07
775;districts;757;"";168;168;81;168;72;Моршанск;morshansk;0;1;"";68420000000;0;1;"{""id"":757,""parentId"":0,""regionId"":168,""name"":""Моршанск"",""administrative"":0,""okato"":""68420000000"",""is_city"":1}";2026-07-01 16:19:42;2026-07-14 17:00:07
776;districts;758;"";168;168;81;168;72;Котовск;kotovsk;0;1;"";68410000000;0;1;"{""id"":758,""parentId"":0,""regionId"":168,""name"":""Котовск"",""administrative"":0,""okato"":""68410000000"",""is_city"":1}";2026-07-01 16:19:42;2026-07-14 17:00:07
777;districts;759;"";168;168;81;168;72;Уварово;uvarovo;0;1;"";68430000000;0;1;"{""id"":759,""parentId"":0,""regionId"":168,""name"":""Уварово"",""administrative"":0,""okato"":""68430000000"",""is_city"":1}";2026-07-01 16:19:42;2026-07-14 17:00:07
778;districts;760;"";168;168;81;168;72;Кирсанов;kirsanov;0;1;"";68405000000;0;1;"{""id"":760,""parentId"":0,""regionId"":168,""name"":""Кирсанов"",""administrative"":0,""okato"":""68405000000"",""is_city"":1}";2026-07-01 16:19:42;2026-07-14 17:00:07
779;districts;761;"";168;168;81;168;72;Жердевка;zherdevka;0;1;"";68204501000;0;1;"{""id"":761,""parentId"":0,""regionId"":168,""name"":""Жердевка"",""administrative"":0,""okato"":""68204501000"",""is_city"":1}";2026-07-01 16:19:42;2026-07-14 17:00:07
780;districts;762;"";16;16;2;16;4;Набережные Челны;naberezhnye-chelny;0;1;"";92430000000;0;1;"{""id"":762,""parentId"":0,""regionId"":16,""name"":""Набережные Челны"",""administrative"":0,""okato"":""92430000000"",""is_city"":1}";2026-07-01 16:19:42;2026-07-14 17:00:07
781;districts;763;"";16;16;2;16;4;Нижнекамск;nizhnekamsk;0;1;"";92435000000;0;1;"{""id"":763,""parentId"":0,""regionId"":16,""name"":""Нижнекамск"",""administrative"":0,""okato"":""92435000000"",""is_city"":1}";2026-07-01 16:19:42;2026-07-14 17:00:07
782;districts;764;"";16;16;2;16;4;Альметьевск;almetevsk;0;1;"";92405000000;0;1;"{""id"":764,""parentId"":0,""regionId"":16,""name"":""Альметьевск"",""administrative"":0,""okato"":""92405000000"",""is_city"":1}";2026-07-01 16:19:42;2026-07-14 17:00:07
783;districts;765;"";16;16;2;16;4;Зеленодольск;zelenodolsk;0;1;"";92420000000;0;1;"{""id"":765,""parentId"":0,""regionId"":16,""name"":""Зеленодольск"",""administrative"":0,""okato"":""92420000000"",""is_city"":1}";2026-07-01 16:19:42;2026-07-14 17:00:07
784;districts;766;"";16;16;2;16;4;Бугульма;bugulma;0;1;"";92410000000;0;1;"{""id"":766,""parentId"":0,""regionId"":16,""name"":""Бугульма"",""administrative"":0,""okato"":""92410000000"",""is_city"":1}";2026-07-01 16:19:42;2026-07-14 17:00:07
785;districts;767;"";16;16;2;16;4;Елабуга;elabuga;0;1;"";92415000000;0;1;"{""id"":767,""parentId"":0,""regionId"":16,""name"":""Елабуга"",""administrative"":0,""okato"":""92415000000"",""is_city"":1}";2026-07-01 16:19:42;2026-07-14 17:00:07
786;districts;768;"";16;16;2;16;4;Лениногорск;leninogorsk;0;1;"";92425000000;0;1;"{""id"":768,""parentId"":0,""regionId"":16,""name"":""Лениногорск"",""administrative"":0,""okato"":""92425000000"",""is_city"":1}";2026-07-01 16:19:42;2026-07-14 17:00:07
787;districts;769;"";16;16;2;16;4;Чистополь;chistopol;0;1;"";92440000000;0;1;"{""id"":769,""parentId"":0,""regionId"":16,""name"":""Чистополь"",""administrative"":0,""okato"":""92440000000"",""is_city"":1}";2026-07-01 16:19:42;2026-07-14 17:00:07
788;districts;770;"";16;16;2;16;4;Заинск;zainsk;0;1;"";92417000000;0;1;"{""id"":770,""parentId"":0,""regionId"":16,""name"":""Заинск"",""administrative"":0,""okato"":""92417000000"",""is_city"":1}";2026-07-01 16:19:42;2026-07-14 17:00:07
789;districts;771;"";16;16;2;16;4;Азнакаево;aznakaevo;0;1;"";92403000000;0;1;"{""id"":771,""parentId"":0,""regionId"":16,""name"":""Азнакаево"",""administrative"":0,""okato"":""92403000000"",""is_city"":1}";2026-07-01 16:19:42;2026-07-14 17:00:07
790;districts;772;"";16;16;2;16;4;Нурлат;nurlat;0;1;"";92437000000;0;1;"{""id"":772,""parentId"":0,""regionId"":16,""name"":""Нурлат"",""administrative"":0,""okato"":""92437000000"",""is_city"":1}";2026-07-01 16:19:42;2026-07-14 17:00:07
791;districts;773;"";16;16;2;16;4;Бавлы;bavly;0;1;"";92408000000;0;1;"{""id"":773,""parentId"":0,""regionId"":16,""name"":""Бавлы"",""administrative"":0,""okato"":""92408000000"",""is_city"":1}";2026-07-01 16:19:42;2026-07-14 17:00:07
792;districts;774;"";16;16;2;16;4;Менделеевск;mendeleevsk;0;1;"";92239501000;0;1;"{""id"":774,""parentId"":0,""regionId"":16,""name"":""Менделеевск"",""administrative"":0,""okato"":""92239501000"",""is_city"":1}";2026-07-01 16:19:42;2026-07-14 17:00:07
793;districts;776;"";16;16;2;16;4;Агрыз;agryz;0;1;"";92201501000;0;1;"{""id"":776,""parentId"":0,""regionId"":16,""name"":""Агрыз"",""administrative"":0,""okato"":""92201501000"",""is_city"":1}";2026-07-01 16:19:42;2026-07-14 17:00:07
794;districts;777;"";16;16;2;16;4;Арск;arsk;0;1;"";92212501000;0;1;"{""id"":777,""parentId"":0,""regionId"":16,""name"":""Арск"",""administrative"":0,""okato"":""92212501000"",""is_city"":1}";2026-07-01 16:19:42;2026-07-14 17:00:07
795;districts;778;"";16;16;2;16;4;Мензелинск;menzelinsk;0;1;"";92240501000;0;1;"{""id"":778,""parentId"":0,""regionId"":16,""name"":""Мензелинск"",""administrative"":0,""okato"":""92240501000"",""is_city"":1}";2026-07-01 16:19:42;2026-07-14 17:00:07
796;districts;779;"";16;16;2;16;4;Мамадыш;mamadysh;0;1;"";92238501000;0;1;"{""id"":779,""parentId"":0,""regionId"":16,""name"":""Мамадыш"",""administrative"":0,""okato"":""92238501000"",""is_city"":1}";2026-07-01 16:19:43;2026-07-14 17:00:07
797;districts;780;"";16;16;2;16;4;Тетюши;tetyushi;0;1;"";92255501000;0;1;"{""id"":780,""parentId"":0,""regionId"":16,""name"":""Тетюши"",""administrative"":0,""okato"":""92255501000"",""is_city"":1}";2026-07-01 16:19:43;2026-07-14 17:00:07
798;districts;782;"";169;169;82;169;73;Ржев;rzhev;0;1;"";28445000000;0;1;"{""id"":782,""parentId"":0,""regionId"":169,""name"":""Ржев"",""administrative"":0,""okato"":""28445000000"",""is_city"":1}";2026-07-01 16:19:43;2026-07-14 17:00:07
799;districts;783;"";169;169;82;169;73;Вышний Волочек;vyshniy-volochek;0;1;"";28414000000;0;1;"{""id"":783,""parentId"":0,""regionId"":169,""name"":""Вышний Волочек"",""administrative"":0,""okato"":""28414000000"",""is_city"":1}";2026-07-01 16:19:43;2026-07-14 17:00:07
800;districts;784;"";169;169;82;169;73;Кимры;kimry;0;1;"";28426000000;0;1;"{""id"":784,""parentId"":0,""regionId"":169,""name"":""Кимры"",""administrative"":0,""okato"":""28426000000"",""is_city"":1}";2026-07-01 16:19:43;2026-07-14 17:00:07
801;districts;785;"";169;169;82;169;73;Торжок;torzhok;0;1;"";28450000000;0;1;"{""id"":785,""parentId"":0,""regionId"":169,""name"":""Торжок"",""administrative"":0,""okato"":""28450000000"",""is_city"":1}";2026-07-01 16:19:43;2026-07-14 17:00:07
802;districts;786;"";169;169;82;169;73;Конаково;konakovo;0;1;"";28430000000;0;1;"{""id"":786,""parentId"":0,""regionId"":169,""name"":""Конаково"",""administrative"":0,""okato"":""28430000000"",""is_city"":1}";2026-07-01 16:19:43;2026-07-14 17:00:07
803;districts;787;"";169;169;82;169;73;Удомля;udomlya;0;1;"";28455000000;0;1;"{""id"":787,""parentId"":0,""regionId"":169,""name"":""Удомля"",""administrative"":0,""okato"":""28455000000"",""is_city"":1}";2026-07-01 16:19:43;2026-07-14 17:00:07
804;districts;788;"";169;169;82;169;73;Бежецк;bezhetsk;0;1;"";28405000000;0;1;"{""id"":788,""parentId"":0,""regionId"":169,""name"":""Бежецк"",""administrative"":0,""okato"":""28405000000"",""is_city"":1}";2026-07-01 16:19:43;2026-07-14 17:00:07
805;districts;789;"";169;169;82;169;73;Бологое;bologoe;0;1;"";28408000000;0;1;"{""id"":789,""parentId"":0,""regionId"":169,""name"":""Бологое"",""administrative"":0,""okato"":""28408000000"",""is_city"":1}";2026-07-01 16:19:43;2026-07-14 17:00:07
806;districts;790;"";169;169;82;169;73;Нелидово;nelidovo;0;1;"";28435000000;0;1;"{""id"":790,""parentId"":0,""regionId"":169,""name"":""Нелидово"",""administrative"":0,""okato"":""28435000000"",""is_city"":1}";2026-07-01 16:19:43;2026-07-14 17:00:07
807;districts;791;"";169;169;82;169;73;Осташков;ostashkov;0;1;"";28440000000;0;1;"{""id"":791,""parentId"":0,""regionId"":169,""name"":""Осташков"",""administrative"":0,""okato"":""28440000000"",""is_city"":1}";2026-07-01 16:19:43;2026-07-14 17:00:07
808;districts;792;"";169;169;82;169;73;Кашин;kashin;0;1;"";28420000000;0;1;"{""id"":792,""parentId"":0,""regionId"":169,""name"":""Кашин"",""administrative"":0,""okato"":""28420000000"",""is_city"":1}";2026-07-01 16:19:43;2026-07-14 17:00:07
809;districts;793;"";169;169;82;169;73;Калязин;kalyazin;0;1;"";28222501000;0;1;"{""id"":793,""parentId"":0,""regionId"":169,""name"":""Калязин"",""administrative"":0,""okato"":""28222501000"",""is_city"":1}";2026-07-01 16:19:43;2026-07-14 17:00:07
810;districts;794;"";169;169;82;169;73;Торопец;toropets;0;1;"";28255501000;0;1;"{""id"":794,""parentId"":0,""regionId"":169,""name"":""Торопец"",""administrative"":0,""okato"":""28255501000"",""is_city"":1}";2026-07-01 16:19:43;2026-07-14 17:00:07
811;districts;795;"";169;169;82;169;73;Лихославль;likhoslavl;0;1;"";28238501000;0;1;"{""id"":795,""parentId"":0,""regionId"":169,""name"":""Лихославль"",""administrative"":0,""okato"":""28238501000"",""is_city"":1}";2026-07-01 16:19:43;2026-07-14 17:00:07
812;districts;796;"";169;169;82;169;73;Кувшиново;kuvshinovo;0;1;"";28234501000;0;1;"{""id"":796,""parentId"":0,""regionId"":169,""name"":""Кувшиново"",""administrative"":0,""okato"":""28234501000"",""is_city"":1}";2026-07-01 16:19:43;2026-07-14 17:00:07
813;districts;798;"";170;170;83;170;74;Северск;seversk;0;1;"";69541000000;0;1;"{""id"":798,""parentId"":0,""regionId"":170,""name"":""Северск"",""administrative"":0,""okato"":""69541000000"",""is_city"":1}";2026-07-01 16:19:43;2026-07-14 17:00:07
814;districts;799;"";170;170;83;170;74;Стрежевой;strezhevoy;0;1;"";69410000000;0;1;"{""id"":799,""parentId"":0,""regionId"":170,""name"":""Стрежевой"",""administrative"":0,""okato"":""69410000000"",""is_city"":1}";2026-07-01 16:19:43;2026-07-14 17:00:07
815;districts;800;"";170;170;83;170;74;Асино;asino;0;1;"";69208501000;0;1;"{""id"":800,""parentId"":0,""regionId"":170,""name"":""Асино"",""administrative"":0,""okato"":""69208501000"",""is_city"":1}";2026-07-01 16:19:43;2026-07-14 17:00:07
816;districts;801;"";170;170;83;170;74;Колпашево;kolpashevo;0;1;"";69232501000;0;1;"{""id"":801,""parentId"":0,""regionId"":170,""name"":""Колпашево"",""administrative"":0,""okato"":""69232501000"",""is_city"":1}";2026-07-01 16:19:43;2026-07-14 17:00:07
817;districts;803;"";171;171;84;171;75;Новомосковск;novomoskovsk;0;1;"";70234501000;0;1;"{""id"":803,""parentId"":0,""regionId"":171,""name"":""Новомосковск"",""administrative"":0,""okato"":""70234501000"",""is_city"":1}";2026-07-01 16:19:43;2026-07-14 17:00:07
818;districts;804;"";171;171;84;171;75;Донской;donskoy;0;1;"";70412000000;0;1;"{""id"":804,""parentId"":0,""regionId"":171,""name"":""Донской"",""administrative"":0,""okato"":""70412000000"",""is_city"":1}";2026-07-01 16:19:43;2026-07-14 17:00:07
819;districts;805;"";171;171;84;171;75;Алексин;aleksin;0;1;"";70202501000;0;1;"{""id"":805,""parentId"":0,""regionId"":171,""name"":""Алексин"",""administrative"":0,""okato"":""70202501000"",""is_city"":1}";2026-07-01 16:19:43;2026-07-14 17:00:07
820;districts;806;"";171;171;84;171;75;Щекино;shchekino;0;1;"";70248501000;0;1;"{""id"":806,""parentId"":0,""regionId"":171,""name"":""Щекино"",""administrative"":0,""okato"":""70248501000"",""is_city"":1}";2026-07-01 16:19:43;2026-07-14 17:00:07
821;districts;807;"";171;171;84;171;75;Узловая;uzlovaya;0;1;"";70244501000;0;1;"{""id"":807,""parentId"":0,""regionId"":171,""name"":""Узловая"",""administrative"":0,""okato"":""70244501000"",""is_city"":1}";2026-07-01 16:19:43;2026-07-14 17:00:08
822;districts;808;"";171;171;84;171;75;Ефремов;efremov;0;1;"";70220501000;0;1;"{""id"":808,""parentId"":0,""regionId"":171,""name"":""Ефремов"",""administrative"":0,""okato"":""70220501000"",""is_city"":1}";2026-07-01 16:19:43;2026-07-14 17:00:08
823;districts;809;"";171;171;84;171;75;Богородицк;bogoroditsk;0;1;"";70208501000;0;1;"{""id"":809,""parentId"":0,""regionId"":171,""name"":""Богородицк"",""administrative"":0,""okato"":""70208501000"",""is_city"":1}";2026-07-01 16:19:43;2026-07-14 17:00:08
824;districts;810;"";171;171;84;171;75;Кимовск;kimovsk;0;1;"";70226501000;0;1;"{""id"":810,""parentId"":0,""regionId"":171,""name"":""Кимовск"",""administrative"":0,""okato"":""70226501000"",""is_city"":1}";2026-07-01 16:19:43;2026-07-14 17:00:08
825;districts;811;"";171;171;84;171;75;Киреевск;kireevsk;0;1;"";70228501000;0;1;"{""id"":811,""parentId"":0,""regionId"":171,""name"":""Киреевск"",""administrative"":0,""okato"":""70228501000"",""is_city"":1}";2026-07-01 16:19:43;2026-07-14 17:00:08
826;districts;812;"";171;171;84;171;75;Суворов;suvorov;0;1;"";70240501000;0;1;"{""id"":812,""parentId"":0,""regionId"":171,""name"":""Суворов"",""administrative"":0,""okato"":""70240501000"",""is_city"":1}";2026-07-01 16:19:43;2026-07-14 17:00:08
827;districts;813;"";171;171;84;171;75;Ясногорск;yasnogorsk;0;1;"";70250501000;0;1;"{""id"":813,""parentId"":0,""regionId"":171,""name"":""Ясногорск"",""administrative"":0,""okato"":""70250501000"",""is_city"":1}";2026-07-01 16:19:43;2026-07-14 17:00:08
828;districts;814;"";171;171;84;171;75;Плавск;plavsk;0;1;"";70238501000;0;1;"{""id"":814,""parentId"":0,""regionId"":171,""name"":""Плавск"",""administrative"":0,""okato"":""70238501000"",""is_city"":1}";2026-07-01 16:19:43;2026-07-14 17:00:08
829;districts;815;"";171;171;84;171;75;Венев;venev;0;1;"";70212501000;0;1;"{""id"":815,""parentId"":0,""regionId"":171,""name"":""Венев"",""administrative"":0,""okato"":""70212501000"",""is_city"":1}";2026-07-01 16:19:43;2026-07-14 17:00:08
830;districts;816;"";171;171;84;171;75;Белев;belev;0;1;"";70206501000;0;1;"{""id"":816,""parentId"":0,""regionId"":171,""name"":""Белев"",""administrative"":0,""okato"":""70206501000"",""is_city"":1}";2026-07-01 16:19:43;2026-07-14 17:00:08
831;districts;819;"";117;117;39;117;29;Шагонар;shagonar;0;1;"";93254501000;0;1;"{""id"":819,""parentId"":0,""regionId"":117,""name"":""Шагонар"",""administrative"":0,""okato"":""93254501000"",""is_city"":1}";2026-07-01 16:19:43;2026-07-14 17:00:08
832;districts;821;"";172;172;85;172;76;Тобольск;tobolsk;0;1;"";71410000000;0;1;"{""id"":821,""parentId"":0,""regionId"":172,""name"":""Тобольск"",""administrative"":0,""okato"":""71410000000"",""is_city"":1}";2026-07-01 16:19:43;2026-07-14 17:00:08
833;districts;822;"";172;172;85;172;76;Ишим;ishim;0;1;"";71405000000;0;1;"{""id"":822,""parentId"":0,""regionId"":172,""name"":""Ишим"",""administrative"":0,""okato"":""71405000000"",""is_city"":1}";2026-07-01 16:19:43;2026-07-14 17:00:08
834;districts;823;"";172;172;85;172;76;Ялуторовск;yalutorovsk;0;1;"";71415000000;0;1;"{""id"":823,""parentId"":0,""regionId"":172,""name"":""Ялуторовск"",""administrative"":0,""okato"":""71415000000"",""is_city"":1}";2026-07-01 16:19:43;2026-07-14 17:00:08
835;districts;824;"";172;172;85;172;76;Заводоуковск;zavodoukovsk;0;1;"";71403000000;0;1;"{""id"":824,""parentId"":0,""regionId"":172,""name"":""Заводоуковск"",""administrative"":0,""okato"":""71403000000"",""is_city"":1}";2026-07-01 16:19:43;2026-07-14 17:00:08
836;districts;826;"";118;118;40;118;30;Сарапул;sarapul;0;1;"";94440000000;0;1;"{""id"":826,""parentId"":0,""regionId"":118,""name"":""Сарапул"",""administrative"":0,""okato"":""94440000000"",""is_city"":1}";2026-07-01 16:19:43;2026-07-14 17:00:08
837;districts;827;"";118;118;40;118;30;Воткинск;votkinsk;0;1;"";94410000000;0;1;"{""id"":827,""parentId"":0,""regionId"":118,""name"":""Воткинск"",""administrative"":0,""okato"":""94410000000"",""is_city"":1}";2026-07-01 16:19:43;2026-07-14 17:00:08
838;districts;828;"";118;118;40;118;30;Глазов;glazov;0;1;"";94420000000;0;1;"{""id"":828,""parentId"":0,""regionId"":118,""name"":""Глазов"",""administrative"":0,""okato"":""94420000000"",""is_city"":1}";2026-07-01 16:19:43;2026-07-14 17:00:08
839;districts;829;"";118;118;40;118;30;Можга;mozhga;0;1;"";94430000000;0;1;"{""id"":829,""parentId"":0,""regionId"":118,""name"":""Можга"",""administrative"":0,""okato"":""94430000000"",""is_city"":1}";2026-07-01 16:19:43;2026-07-14 17:00:08
840;districts;830;"";118;118;40;118;30;Камбарка;kambarka;0;1;"";94220501000;0;1;"{""id"":830,""parentId"":0,""regionId"":118,""name"":""Камбарка"",""administrative"":0,""okato"":""94220501000"",""is_city"":1}";2026-07-01 16:19:43;2026-07-14 17:00:08
841;districts;832;"";173;173;86;173;77;Димитровград;dimitrovgrad;0;1;"";73405000000;0;1;"{""id"":832,""parentId"":0,""regionId"":173,""name"":""Димитровград"",""administrative"":0,""okato"":""73405000000"",""is_city"":1}";2026-07-01 16:19:43;2026-07-14 17:00:08
842;districts;833;"";173;173;86;173;77;Инза;inza;0;1;"";73210501000;0;1;"{""id"":833,""parentId"":0,""regionId"":173,""name"":""Инза"",""administrative"":0,""okato"":""73210501000"",""is_city"":1}";2026-07-01 16:19:43;2026-07-14 17:00:08
843;districts;834;"";173;173;86;173;77;Барыш;barysh;0;1;"";73204501000;0;1;"{""id"":834,""parentId"":0,""regionId"":173,""name"":""Барыш"",""administrative"":0,""okato"":""73204501000"",""is_city"":1}";2026-07-01 16:19:43;2026-07-14 17:00:08
844;districts;835;"";173;173;86;173;77;Новоульяновск;novoulyanovsk;0;1;"";73415000000;0;1;"{""id"":835,""parentId"":0,""regionId"":173,""name"":""Новоульяновск"",""administrative"":0,""okato"":""73415000000"",""is_city"":1}";2026-07-01 16:19:43;2026-07-14 17:00:08
845;districts;837;"";127;127;49;127;40;Комсомольск-на-Амуре;komsomolsk-na-amure;0;1;"";"08409000000";0;1;"{""id"":837,""parentId"":0,""regionId"":127,""name"":""Комсомольск-на-Амуре"",""administrative"":0,""okato"":""08409000000"",""is_city"":1}";2026-07-01 16:19:43;2026-07-14 17:00:08
846;districts;838;"";127;127;49;127;40;Амурск;amursk;0;1;"";"08403000000";0;1;"{""id"":838,""parentId"":0,""regionId"":127,""name"":""Амурск"",""administrative"":0,""okato"":""08403000000"",""is_city"":1}";2026-07-01 16:19:43;2026-07-14 17:00:08
847;districts;839;"";127;127;49;127;40;Советская Гавань;sovetskaya-gavan;0;1;"";"08418000000";0;1;"{""id"":839,""parentId"":0,""regionId"":127,""name"":""Советская Гавань"",""administrative"":0,""okato"":""08418000000"",""is_city"":1}";2026-07-01 16:19:43;2026-07-14 17:00:08
848;districts;840;"";127;127;49;127;40;Николаевск-на-Амуре;nikolaevsk-na-amure;0;1;"";"08414000000";0;1;"{""id"":840,""parentId"":0,""regionId"":127,""name"":""Николаевск-на-Амуре"",""administrative"":0,""okato"":""08414000000"",""is_city"":1}";2026-07-01 16:19:43;2026-07-14 17:00:08
849;districts;841;"";127;127;49;127;40;Бикин;bikin;0;1;"";"08406000000";0;1;"{""id"":841,""parentId"":0,""regionId"":127,""name"":""Бикин"",""administrative"":0,""okato"":""08406000000"",""is_city"":1}";2026-07-01 16:19:43;2026-07-14 17:00:08
850;districts;842;"";127;127;49;127;40;Вяземский;vyazemskiy;0;1;"";"08217501000";0;1;"{""id"":842,""parentId"":0,""regionId"":127,""name"":""Вяземский"",""administrative"":0,""okato"":""08217501000"",""is_city"":1}";2026-07-01 16:19:43;2026-07-14 17:00:08
851;districts;844;"";119;119;41;119;31;Черногорск;chernogorsk;0;1;"";95415000000;0;1;"{""id"":844,""parentId"":0,""regionId"":119,""name"":""Черногорск"",""administrative"":0,""okato"":""95415000000"",""is_city"":1}";2026-07-01 16:19:43;2026-07-14 17:00:08
852;districts;845;"";119;119;41;119;31;Саяногорск;sajanogorsk;0;1;"";95408000000;0;1;"{""id"":845,""parentId"":0,""regionId"":119,""name"":""Саяногорск"",""administrative"":0,""okato"":""95408000000"",""is_city"":1}";2026-07-01 16:19:43;2026-07-14 17:00:08
853;districts;846;"";119;119;41;119;31;Абаза;abaza;0;1;"";95402000000;0;1;"{""id"":846,""parentId"":0,""regionId"":119,""name"":""Абаза"",""administrative"":0,""okato"":""95402000000"",""is_city"":1}";2026-07-01 16:19:43;2026-07-14 17:00:08
854;districts;847;"";119;119;41;119;31;Сорск;sorsk;0;1;"";95409000000;0;1;"{""id"":847,""parentId"":0,""regionId"":119,""name"":""Сорск"",""administrative"":0,""okato"":""95409000000"",""is_city"":1}";2026-07-01 16:19:43;2026-07-14 17:00:08
855;districts;864;"";74;74;12;74;14;Магнитогорск;magnitogorsk;0;1;"";75438000000;0;1;"{""id"":864,""parentId"":0,""regionId"":74,""name"":""Магнитогорск"",""administrative"":0,""okato"":""75438000000"",""is_city"":1}";2026-07-01 16:19:43;2026-07-14 17:00:08
856;districts;865;"";74;74;12;74;14;Златоуст;zlatoust;0;1;"";75412000000;0;1;"{""id"":865,""parentId"":0,""regionId"":74,""name"":""Златоуст"",""administrative"":0,""okato"":""75412000000"",""is_city"":1}";2026-07-01 16:19:43;2026-07-14 17:00:08
857;districts;866;"";74;74;12;74;14;Миасс;miass;0;1;"";75442000000;0;1;"{""id"":866,""parentId"":0,""regionId"":74,""name"":""Миасс"",""administrative"":0,""okato"":""75442000000"",""is_city"":1}";2026-07-01 16:19:43;2026-07-14 17:00:08
858;districts;992;"";74;74;12;74;14;Копейск;kopeysk;0;1;"";75428000000;0;1;"{""id"":992,""parentId"":0,""regionId"":74,""name"":""Копейск"",""administrative"":0,""okato"":""75428000000"",""is_city"":1}";2026-07-01 16:19:43;2026-07-14 17:00:08
859;districts;993;"";74;74;12;74;14;Озерск;ozersk;0;1;"";75543000000;0;1;"{""id"":993,""parentId"":0,""regionId"":74,""name"":""Озерск"",""administrative"":0,""okato"":""75543000000"",""is_city"":1}";2026-07-01 16:19:43;2026-07-14 17:00:08
860;districts;994;"";74;74;12;74;14;Троицк;troitsk;0;1;"";75452000000;0;1;"{""id"":994,""parentId"":0,""regionId"":74,""name"":""Троицк"",""administrative"":0,""okato"":""75452000000"",""is_city"":1}";2026-07-01 16:19:43;2026-07-14 17:00:08
861;districts;995;"";74;74;12;74;14;Снежинск;snezhinsk;0;1;"";75545000000;0;1;"{""id"":995,""parentId"":0,""regionId"":74,""name"":""Снежинск"",""administrative"":0,""okato"":""75545000000"",""is_city"":1}";2026-07-01 16:19:43;2026-07-14 17:00:08
862;districts;996;"";74;74;12;74;14;Сатка;satka;0;1;"";75448000000;0;1;"{""id"":996,""parentId"":0,""regionId"":74,""name"":""Сатка"",""administrative"":0,""okato"":""75448000000"",""is_city"":1}";2026-07-01 16:19:43;2026-07-14 17:00:08
863;districts;997;"";74;74;12;74;14;Чебаркуль;chebarkul;0;1;"";75458000000;0;1;"{""id"":997,""parentId"":0,""regionId"":74,""name"":""Чебаркуль"",""administrative"":0,""okato"":""75458000000"",""is_city"":1}";2026-07-01 16:19:43;2026-07-14 17:00:08
864;districts;998;"";74;74;12;74;14;Кыштым;kyshtym;0;1;"";75434000000;0;1;"{""id"":998,""parentId"":0,""regionId"":74,""name"":""Кыштым"",""administrative"":0,""okato"":""75434000000"",""is_city"":1}";2026-07-01 16:19:43;2026-07-14 17:00:08
865;districts;999;"";74;74;12;74;14;Коркино;korkino;0;1;"";75431000000;0;1;"{""id"":999,""parentId"":0,""regionId"":74,""name"":""Коркино"",""administrative"":0,""okato"":""75431000000"",""is_city"":1}";2026-07-01 16:19:43;2026-07-14 17:00:08
866;districts;1000;"";74;74;12;74;14;Южноуральск;yuzhnouralsk;0;1;"";75464000000;0;1;"{""id"":1000,""parentId"":0,""regionId"":74,""name"":""Южноуральск"",""administrative"":0,""okato"":""75464000000"",""is_city"":1}";2026-07-01 16:19:43;2026-07-14 17:00:08
867;districts;1001;"";74;74;12;74;14;Трехгорный;trekhgornyy;0;1;"";75507000000;0;1;"{""id"":1001,""parentId"":0,""regionId"":74,""name"":""Трехгорный"",""administrative"":0,""okato"":""75507000000"",""is_city"":1}";2026-07-01 16:19:43;2026-07-14 17:00:08
868;districts;1002;"";74;74;12;74;14;Аша;asha;0;1;"";75403000000;0;1;"{""id"":1002,""parentId"":0,""regionId"":74,""name"":""Аша"",""administrative"":0,""okato"":""75403000000"",""is_city"":1}";2026-07-01 16:19:43;2026-07-14 17:00:08
869;districts;1003;"";74;74;12;74;14;Верхний Уфалей;verkhniy-ufaley;0;1;"";75406000000;0;1;"{""id"":1003,""parentId"":0,""regionId"":74,""name"":""Верхний Уфалей"",""administrative"":0,""okato"":""75406000000"",""is_city"":1}";2026-07-01 16:19:43;2026-07-14 17:00:08
870;districts;1004;"";74;74;12;74;14;Еманжелинск;emanzhelinsk;0;1;"";75409000000;0;1;"{""id"":1004,""parentId"":0,""regionId"":74,""name"":""Еманжелинск"",""administrative"":0,""okato"":""75409000000"",""is_city"":1}";2026-07-01 16:19:43;2026-07-14 17:00:08
871;districts;1005;"";74;74;12;74;14;Карталы;kartaly;0;1;"";75418000000;0;1;"{""id"":1005,""parentId"":0,""regionId"":74,""name"":""Карталы"",""administrative"":0,""okato"":""75418000000"",""is_city"":1}";2026-07-01 16:19:43;2026-07-14 17:00:08
872;districts;1006;"";74;74;12;74;14;Усть-Катав;ust-katav;0;1;"";75455000000;0;1;"{""id"":1006,""parentId"":0,""regionId"":74,""name"":""Усть-Катав"",""administrative"":0,""okato"":""75455000000"",""is_city"":1}";2026-07-01 16:19:43;2026-07-14 17:00:08
873;districts;1007;"";74;74;12;74;14;Бакал;bakal;0;1;"";75249503000;0;1;"{""id"":1007,""parentId"":0,""regionId"":74,""name"":""Бакал"",""administrative"":0,""okato"":""75249503000"",""is_city"":1}";2026-07-01 16:19:43;2026-07-14 17:00:08
874;districts;1008;"";74;74;12;74;14;Куса;kusa;0;1;"";75238501000;0;1;"{""id"":1008,""parentId"":0,""regionId"":74,""name"":""Куса"",""administrative"":0,""okato"":""75238501000"",""is_city"":1}";2026-07-01 16:19:43;2026-07-14 17:00:08
875;districts;1009;"";74;74;12;74;14;Катав-Ивановск;katav-ivanovsk;0;1;"";75424000000;0;1;"{""id"":1009,""parentId"":0,""regionId"":74,""name"":""Катав-Ивановск"",""administrative"":0,""okato"":""75424000000"",""is_city"":1}";2026-07-01 16:19:43;2026-07-14 17:00:08
876;districts;1010;"";74;74;12;74;14;Пласт;plast;0;1;"";75445000000;0;1;"{""id"":1010,""parentId"":0,""regionId"":74,""name"":""Пласт"",""administrative"":0,""okato"":""75445000000"",""is_city"":1}";2026-07-01 16:19:43;2026-07-14 17:00:08
877;districts;1011;"";74;74;12;74;14;Касли;kasli;0;1;"";75421000000;0;1;"{""id"":1011,""parentId"":0,""regionId"":74,""name"":""Касли"",""administrative"":0,""okato"":""75421000000"",""is_city"":1}";2026-07-01 16:19:43;2026-07-14 17:00:08
878;districts;1012;"";74;74;12;74;14;Сим;sim;0;1;"";75209505000;0;1;"{""id"":1012,""parentId"":0,""regionId"":74,""name"":""Сим"",""administrative"":0,""okato"":""75209505000"",""is_city"":1}";2026-07-01 16:19:43;2026-07-14 17:00:08
879;districts;1013;"";74;74;12;74;14;Карабаш;karabash;0;1;"";75415000000;0;1;"{""id"":1013,""parentId"":0,""regionId"":74,""name"":""Карабаш"",""administrative"":0,""okato"":""75415000000"",""is_city"":1}";2026-07-01 16:19:43;2026-07-14 17:00:08
880;districts;1014;"";74;74;12;74;14;Юрюзань;yuryuzan;0;1;"";75229516000;0;1;"{""id"":1014,""parentId"":0,""regionId"":74,""name"":""Юрюзань"",""administrative"":0,""okato"":""75229516000"",""is_city"":1}";2026-07-01 16:19:43;2026-07-14 17:00:08
881;districts;1015;"";74;74;12;74;14;Нязепетровск;nyazepetrovsk;0;1;"";75244501000;0;1;"{""id"":1015,""parentId"":0,""regionId"":74,""name"":""Нязепетровск"",""administrative"":0,""okato"":""75244501000"",""is_city"":1}";2026-07-01 16:19:43;2026-07-14 17:00:08
882;districts;1016;"";74;74;12;74;14;Миньяр;minyar;0;1;"";75209503000;0;1;"{""id"":1016,""parentId"":0,""regionId"":74,""name"":""Миньяр"",""administrative"":0,""okato"":""75209503000"",""is_city"":1}";2026-07-01 16:19:43;2026-07-14 17:00:08
883;districts;1023;"";121;121;43;121;33;Новочебоксарск;novocheboksarsk;0;1;"";97410000000;0;1;"{""id"":1023,""parentId"":0,""regionId"":121,""name"":""Новочебоксарск"",""administrative"":0,""okato"":""97410000000"",""is_city"":1}";2026-07-01 16:19:44;2026-07-14 17:00:08
884;districts;1024;"";121;121;43;121;33;Канаш;kanash;0;1;"";97407000000;0;1;"{""id"":1024,""parentId"":0,""regionId"":121,""name"":""Канаш"",""administrative"":0,""okato"":""97407000000"",""is_city"":1}";2026-07-01 16:19:44;2026-07-14 17:00:08
885;districts;1025;"";121;121;43;121;33;Алатырь;alatyr;0;1;"";97404000000;0;1;"{""id"":1025,""parentId"":0,""regionId"":121,""name"":""Алатырь"",""administrative"":0,""okato"":""97404000000"",""is_city"":1}";2026-07-01 16:19:44;2026-07-14 17:00:08
886;districts;1026;"";121;121;43;121;33;Шумерля;shumerlya;0;1;"";97413000000;0;1;"{""id"":1026,""parentId"":0,""regionId"":121,""name"":""Шумерля"",""administrative"":0,""okato"":""97413000000"",""is_city"":1}";2026-07-01 16:19:44;2026-07-14 17:00:08
887;districts;1027;"";121;121;43;121;33;Цивильск;tsivilsk;0;1;"";97241501000;0;1;"{""id"":1027,""parentId"":0,""regionId"":121,""name"":""Цивильск"",""administrative"":0,""okato"":""97241501000"",""is_city"":1}";2026-07-01 16:19:44;2026-07-14 17:00:08
888;districts;1028;"";121;121;43;121;33;Козловка;kozlovka;0;1;"";97219501000;0;1;"{""id"":1028,""parentId"":0,""regionId"":121,""name"":""Козловка"",""administrative"":0,""okato"":""97219501000"",""is_city"":1}";2026-07-01 16:19:44;2026-07-14 17:00:08
889;districts;1039;"";176;176;88;176;79;Рыбинск;rybinsk;0;1;"";78415000000;0;1;"{""id"":1039,""parentId"":0,""regionId"":176,""name"":""Рыбинск"",""administrative"":0,""okato"":""78415000000"",""is_city"":1}";2026-07-01 16:19:44;2026-07-14 17:00:08
890;districts;1040;"";176;176;88;176;79;Переславль-Залесский;pereslavl-zalesskiy;0;1;"";78405000000;0;1;"{""id"":1040,""parentId"":0,""regionId"":176,""name"":""Переславль-Залесский"",""administrative"":0,""okato"":""78405000000"",""is_city"":1}";2026-07-01 16:19:44;2026-07-14 17:00:08
891;districts;1041;"";176;176;88;176;79;Тутаев;tutaev;0;1;"";78417000000;0;1;"{""id"":1041,""parentId"":0,""regionId"":176,""name"":""Тутаев"",""administrative"":0,""okato"":""78417000000"",""is_city"":1}";2026-07-01 16:19:44;2026-07-14 17:00:08
892;districts;1042;"";176;176;88;176;79;Углич;uglich;0;1;"";78420000000;0;1;"{""id"":1042,""parentId"":0,""regionId"":176,""name"":""Углич"",""administrative"":0,""okato"":""78420000000"",""is_city"":1}";2026-07-01 16:19:44;2026-07-14 17:00:08
893;districts;1043;"";176;176;88;176;79;Ростов;rostov;0;1;"";78410000000;0;1;"{""id"":1043,""parentId"":0,""regionId"":176,""name"":""Ростов"",""administrative"":0,""okato"":""78410000000"",""is_city"":1}";2026-07-01 16:19:44;2026-07-14 17:00:08
894;districts;1044;"";176;176;88;176;79;Гаврилов-Ям;gavrilov-yam;0;1;"";78212501000;0;1;"{""id"":1044,""parentId"":0,""regionId"":176,""name"":""Гаврилов-Ям"",""administrative"":0,""okato"":""78212501000"",""is_city"":1}";2026-07-01 16:19:44;2026-07-14 17:00:08
895;districts;1045;"";176;176;88;176;79;Данилов;danilov;0;1;"";78215501000;0;1;"{""id"":1045,""parentId"":0,""regionId"":176,""name"":""Данилов"",""administrative"":0,""okato"":""78215501000"",""is_city"":1}";2026-07-01 16:19:44;2026-07-14 17:00:08
896;districts;1241;"";78;78;14;78;2;Ломоносов;lomonosov;0;1;"";40290502000;0;1;"{""id"":1241,""parentId"":0,""regionId"":78,""name"":""Ломоносов"",""administrative"":0,""okato"":""40290502000"",""is_city"":1}";2026-07-01 16:19:44;2026-07-14 17:00:08
897;districts;1250;"";78;78;14;78;2;Павловск;pavlovsk;0;1;"";40294502000;0;1;"{""id"":1250,""parentId"":0,""regionId"":78,""name"":""Павловск"",""administrative"":0,""okato"":""40294502000"",""is_city"":1}";2026-07-01 16:19:44;2026-07-14 17:00:08
898;districts;1253;"";78;78;14;78;2;Петергоф;petergof;0;1;"";40290501000;0;1;"{""id"":1253,""parentId"":0,""regionId"":78,""name"":""Петергоф"",""administrative"":0,""okato"":""40290501000"",""is_city"":1}";2026-07-01 16:19:44;2026-07-14 17:00:08
899;districts;1260;"";50;50;5;50;7;Зеленоград;zelenograd;0;1;"";"";0;1;"{""id"":1260,""parentId"":0,""regionId"":50,""name"":""Зеленоград"",""administrative"":0,""okato"":null,""is_city"":1}";2026-07-01 16:19:44;2026-07-14 17:00:08
900;districts;1268;"";47;47;4;47;6;Красное Село;krasnoe_selo;0;1;"";40279501000;0;1;"{""id"":1268,""parentId"":0,""regionId"":47,""name"":""Красное Село"",""administrative"":0,""okato"":""40279501000"",""is_city"":1}";2026-07-01 16:19:44;2026-07-14 17:00:08
901;districts;1269;"";47;47;4;47;6;Кронштадт;kronshtadt;0;1;"";40280501000;0;1;"{""id"":1269,""parentId"":0,""regionId"":47,""name"":""Кронштадт"",""administrative"":0,""okato"":""40280501000"",""is_city"":1}";2026-07-01 16:19:44;2026-07-14 17:00:08
902;districts;1270;"";47;47;4;47;6;Зеленогорск;zelenogorsk;0;1;"";40281509000;0;1;"{""id"":1270,""parentId"":0,""regionId"":47,""name"":""Зеленогорск"",""administrative"":0,""okato"":""40281509000"",""is_city"":1}";2026-07-01 16:19:44;2026-07-14 17:00:08
903;districts;1271;"";47;47;4;47;6;Сестрорецк;sestroretsk;0;1;"";40281520000;0;1;"{""id"":1271,""parentId"":0,""regionId"":47,""name"":""Сестрорецк"",""administrative"":0,""okato"":""40281520000"",""is_city"":1}";2026-07-01 16:19:44;2026-07-14 17:00:08
904;districts;1273;"";47;47;4;47;6;Павловск;pavlovsk;0;1;"";40294502000;0;1;"{""id"":1273,""parentId"":0,""regionId"":47,""name"":""Павловск"",""administrative"":0,""okato"":""40294502000"",""is_city"":1}";2026-07-01 16:19:44;2026-07-14 17:00:08
905;districts;1274;"";47;47;4;47;6;Петергоф;petergof;0;1;"";40290501000;0;1;"{""id"":1274,""parentId"":0,""regionId"":47,""name"":""Петергоф"",""administrative"":0,""okato"":""40290501000"",""is_city"":1}";2026-07-01 16:19:44;2026-07-14 17:00:08
906;districts;1276;"";47;47;4;47;6;Пушкин;pushkin;0;1;"";40294501000;0;1;"{""id"":1276,""parentId"":0,""regionId"":47,""name"":""Пушкин"",""administrative"":0,""okato"":""40294501000"",""is_city"":1}";2026-07-01 16:19:44;2026-07-14 17:00:08
907;districts;1338;"";129;129;51;129;42;Каргополь;kargopol;0;1;"";11218501000;0;1;"{""id"":1338,""parentId"":0,""regionId"":129,""name"":""Каргополь"",""administrative"":0,""okato"":""11218501000"",""is_city"":1}";2026-07-01 16:19:44;2026-07-14 17:00:08
908;districts;1357;"";124;124;46;124;37;Железногорск;kursk-zheleznogorsk;0;1;"";"04535000000";0;1;"{""id"":1357,""parentId"":0,""regionId"":124,""name"":""Железногорск"",""administrative"":0,""okato"":""04535000000"",""is_city"":1}";2026-07-01 16:19:44;2026-07-14 17:00:08
909;districts;1358;"";124;124;46;124;37;Зеленогорск;zelenogorsk;0;1;"";"04537000000";0;1;"{""id"":1358,""parentId"":0,""regionId"":124,""name"":""Зеленогорск"",""administrative"":0,""okato"":""04537000000"",""is_city"":1}";2026-07-01 16:19:44;2026-07-14 17:00:08
910;districts;1361;"";118;118;40;118;30;Игра;igra;0;1;"";94218815001;0;1;"{""id"":1361,""parentId"":0,""regionId"":118,""name"":""Игра"",""administrative"":0,""okato"":""94218815001"",""is_city"":1}";2026-07-01 16:19:44;2026-07-14 17:00:08
911;districts;1365;"";132;132;54;132;45;Фокино;fokino;0;1;"";15216504000;0;1;"{""id"":1365,""parentId"":0,""regionId"":132,""name"":""Фокино"",""administrative"":0,""okato"":""15216504000"",""is_city"":1}";2026-07-01 16:19:44;2026-07-14 17:00:08
912;districts;1369;"";135;135;56;135;47;Белозерск;belozersk;0;1;"";19210501000;0;1;"{""id"":1369,""parentId"":0,""regionId"":135,""name"":""Белозерск"",""administrative"":0,""okato"":""19210501000"",""is_city"":1}";2026-07-01 16:19:44;2026-07-14 17:00:08
913;districts;1371;"";135;135;56;135;47;Тотьма;totma;0;1;"";19246501000;0;1;"{""id"":1371,""parentId"":0,""regionId"":135,""name"":""Тотьма"",""administrative"":0,""okato"":""19246501000"",""is_city"":1}";2026-07-01 16:19:44;2026-07-14 17:00:08
914;districts;1372;"";135;135;56;135;47;Устюжна;ustyuzhna;0;1;"";19250501000;0;1;"{""id"":1372,""parentId"":0,""regionId"":135,""name"":""Устюжна"",""administrative"":0,""okato"":""19250501000"",""is_city"":1}";2026-07-01 16:19:44;2026-07-14 17:00:08
915;districts;1373;"";135;135;56;135;47;Харовск;kharovsk;0;1;"";19252501000;0;1;"{""id"":1373,""parentId"":0,""regionId"":135,""name"":""Харовск"",""administrative"":0,""okato"":""19252501000"",""is_city"":1}";2026-07-01 16:19:44;2026-07-14 17:00:08
916;districts;1375;"";140;140;61;140;52;Ермолино;ermolino;0;1;"";29206507000;0;1;"{""id"":1375,""parentId"":0,""regionId"":140,""name"":""Ермолино"",""administrative"":0,""okato"":""29206507000"",""is_city"":1}";2026-07-01 16:19:44;2026-07-14 17:00:09
917;districts;1377;"";143;143;64;143;55;Кирс;kirs;0;1;"";33207501000;0;1;"{""id"":1377,""parentId"":0,""regionId"":143,""name"":""Кирс"",""administrative"":0,""okato"":""33207501000"",""is_city"":1}";2026-07-01 16:19:44;2026-07-14 17:00:09
918;districts;1378;"";143;143;64;143;55;Уржум;urzhum;0;1;"";33241501000;0;1;"{""id"":1378,""parentId"":0,""regionId"":143,""name"":""Уржум"",""administrative"":0,""okato"":""33241501000"",""is_city"":1}";2026-07-01 16:19:44;2026-07-14 17:00:09
919;districts;1379;"";144;144;65;144;56;Нея;neya;0;1;"";34422000000;0;1;"{""id"":1379,""parentId"":0,""regionId"":144,""name"":""Нея"",""administrative"":0,""okato"":""34422000000"",""is_city"":1}";2026-07-01 16:19:44;2026-07-14 17:00:09
920;districts;1389;"";111;111;34;111;24;Микунь;mikun;0;1;"";87244505000;0;1;"{""id"":1389,""parentId"":0,""regionId"":111,""name"":""Микунь"",""administrative"":0,""okato"":""87244505000"",""is_city"":1}";2026-07-01 16:19:44;2026-07-14 17:00:09
921;districts;1392;"";101;101;25;101;15;Энем;enem;0;1;"";79230557000;0;1;"{""id"":1392,""parentId"":0,""regionId"":101,""name"":""Энем"",""administrative"":0,""okato"":""79230557000"",""is_city"":1}";2026-07-01 16:19:44;2026-07-14 17:00:09
922;districts;1393;"";101;101;25;101;15;Яблоновский;yablonovskij;0;1;"";79230559000;0;1;"{""id"":1393,""parentId"":0,""regionId"":101,""name"":""Яблоновский"",""administrative"":0,""okato"":""79230559000"",""is_city"":1}";2026-07-01 16:19:44;2026-07-14 17:00:09
923;districts;1400;"";34;34;3;34;5;Городище;gorodishche;0;1;"";18205551000;0;1;"{""id"":1400,""parentId"":0,""regionId"":34,""name"":""Городище"",""administrative"":0,""okato"":""18205551000"",""is_city"":1}";2026-07-01 16:19:44;2026-07-14 17:00:09
924;districts;1404;"";54;54;7;54;9;Краснообск;krasnoobsk;0;1;"";50240554000;0;1;"{""id"":1404,""parentId"":0,""regionId"":54,""name"":""Краснообск"",""administrative"":0,""okato"":""50240554000"",""is_city"":1}";2026-07-01 16:19:44;2026-07-14 17:00:09
925;districts;1405;"";55;55;8;55;10;Калачинск;kalachinsk;0;1;"";52410000000;0;1;"{""id"":1405,""parentId"":0,""regionId"":55,""name"":""Калачинск"",""administrative"":0,""okato"":""52410000000"",""is_city"":1}";2026-07-01 16:19:44;2026-07-14 17:00:09
926;districts;1436;"";47;47;4;47;6;Ивангород;ivangorod;0;1;"";41221505000;0;1;"{""id"":1436,""parentId"":0,""regionId"":47,""name"":""Ивангород"",""administrative"":0,""okato"":""41221505000"",""is_city"":1}";2026-07-01 16:19:44;2026-07-14 17:00:09
927;districts;1439;"";130;130;52;130;43;Нариманов;narimanov;0;1;"";12240501000;0;1;"{""id"":1439,""parentId"":0,""regionId"":130,""name"":""Нариманов"",""administrative"":0,""okato"":""12240501000"",""is_city"":1}";2026-07-01 16:19:44;2026-07-14 17:00:09
928;districts;1441;"";172;172;85;172;76;Ханты-Мансийск;khanty-mansiysk;0;1;"";71131000000;0;1;"{""id"":1441,""parentId"":0,""regionId"":172,""name"":""Ханты-Мансийск"",""administrative"":0,""okato"":""71131000000"",""is_city"":1}";2026-07-01 16:19:44;2026-07-14 17:00:09
929;districts;1442;"";172;172;85;172;76;Нижневартовск;nizhnevartovsk;0;1;"";71135000000;0;1;"{""id"":1442,""parentId"":0,""regionId"":172,""name"":""Нижневартовск"",""administrative"":0,""okato"":""71135000000"",""is_city"":1}";2026-07-01 16:19:44;2026-07-14 17:00:09
930;districts;1443;"";172;172;85;172;76;Нефтеюганск;nefteyugansk;0;1;"";71134000000;0;1;"{""id"":1443,""parentId"":0,""regionId"":172,""name"":""Нефтеюганск"",""administrative"":0,""okato"":""71134000000"",""is_city"":1}";2026-07-01 16:19:44;2026-07-14 17:00:09
931;districts;1444;"";172;172;85;172;76;Сургут;surgut;0;1;"";71136000000;0;1;"{""id"":1444,""parentId"":0,""regionId"":172,""name"":""Сургут"",""administrative"":0,""okato"":""71136000000"",""is_city"":1}";2026-07-01 16:19:44;2026-07-14 17:00:09
932;districts;1445;"";172;172;85;172;76;Салехард;salekhard;0;1;"";71171000000;0;1;"{""id"":1445,""parentId"":0,""regionId"":172,""name"":""Салехард"",""administrative"":0,""okato"":""71171000000"",""is_city"":1}";2026-07-01 16:19:44;2026-07-14 17:00:09
933;districts;1450;"";78;78;14;78;2;Красное Село;krasnoe_selo;0;1;"";40279501000;0;1;"{""id"":1450,""parentId"":0,""regionId"":78,""name"":""Красное Село"",""administrative"":0,""okato"":""40279501000"",""is_city"":1}";2026-07-01 16:19:44;2026-07-14 17:00:09
934;districts;1451;"";78;78;14;78;2;Сестрорецк;sestroretsk;0;1;"";40281520000;0;1;"{""id"":1451,""parentId"":0,""regionId"":78,""name"":""Сестрорецк"",""administrative"":0,""okato"":""40281520000"",""is_city"":1}";2026-07-01 16:19:44;2026-07-14 17:00:09
935;districts;1453;"";78;78;14;78;2;Кронштадт;kronshtadt;0;1;"";40280501000;0;1;"{""id"":1453,""parentId"":0,""regionId"":78,""name"":""Кронштадт"",""administrative"":0,""okato"":""40280501000"",""is_city"":1}";2026-07-01 16:19:44;2026-07-14 17:00:09
936;districts;1458;"";78;78;14;78;2;Гатчина;gatchina;0;1;"";41218501000;0;1;"{""id"":1458,""parentId"":0,""regionId"":78,""name"":""Гатчина"",""administrative"":0,""okato"":""41218501000"",""is_city"":1}";2026-07-01 16:19:44;2026-07-14 17:00:09
937;districts;1465;"";192;192;91;192;82;Евпатория;evpatoriya;0;1;"";35409000000;0;1;"{""id"":1465,""parentId"":0,""regionId"":192,""name"":""Евпатория"",""administrative"":0,""okato"":""35409000000"",""is_city"":1}";2026-07-01 16:19:44;2026-07-14 17:00:09
938;districts;1467;"";192;192;91;192;82;Керчь;kerch;0;1;"";35412000000;0;1;"{""id"":1467,""parentId"":0,""regionId"":192,""name"":""Керчь"",""administrative"":0,""okato"":""35412000000"",""is_city"":1}";2026-07-01 16:19:44;2026-07-14 17:00:09
939;districts;1495;"";50;50;5;50;7;Серебряные Пруды;serebryanye-prudy;0;1;"";46250551000;0;1;"{""id"":1495,""parentId"":0,""regionId"":50,""name"":""Серебряные Пруды"",""administrative"":0,""okato"":""46250551000"",""is_city"":1}";2026-07-01 16:19:44;2026-07-14 17:00:09
940;districts;1538;"";52;52;6;52;8;Ветлуга;vetluga;0;1;"";22218501000;0;1;"{""id"":1538,""parentId"":0,""regionId"":52,""name"":""Ветлуга"",""administrative"":0,""okato"":""22218501000"",""is_city"":1}";2026-07-01 16:19:44;2026-07-14 17:00:09
941;districts;1542;"";52;52;6;52;8;Володарск;volodarsk;0;1;"";22231503000;0;1;"{""id"":1542,""parentId"":0,""regionId"":52,""name"":""Володарск"",""administrative"":0,""okato"":""22231503000"",""is_city"":1}";2026-07-01 16:19:44;2026-07-14 17:00:09
942;districts;1546;"";52;52;6;52;8;Горбатов;gorbatov;0;1;"";22242505000;0;1;"{""id"":1546,""parentId"":0,""regionId"":52,""name"":""Горбатов"",""administrative"":0,""okato"":""22242505000"",""is_city"":1}";2026-07-01 16:19:44;2026-07-14 17:00:09
943;districts;1566;"";52;52;6;52;8;Княгинино;knyaginino;0;1;"";22233501000;0;1;"{""id"":1566,""parentId"":0,""regionId"":52,""name"":""Княгинино"",""administrative"":0,""okato"":""22233501000"",""is_city"":1}";2026-07-01 16:19:44;2026-07-14 17:00:09
944;districts;1603;"";52;52;6;52;8;Перевоз;perevoz;0;1;"";22435000000;0;1;"{""id"":1603,""parentId"":0,""regionId"":52,""name"":""Перевоз"",""administrative"":0,""okato"":""22435000000"",""is_city"":1}";2026-07-01 16:19:44;2026-07-14 17:00:09
945;districts;1666;"";66;66;11;66;13;Березовский;berezovskiy;0;1;"";65412000000;0;1;"{""id"":1666,""parentId"":0,""regionId"":66,""name"":""Березовский"",""administrative"":0,""okato"":""65412000000"",""is_city"":1}";2026-07-01 16:19:44;2026-07-14 17:00:09
946;districts;1681;"";113;113;36;113;26;Ардатов;ardatov;0;1;"";89203501000;0;1;"{""id"":1681,""parentId"":0,""regionId"":113,""name"":""Ардатов"",""administrative"":0,""okato"":""89203501000"",""is_city"":1}";2026-07-01 16:19:44;2026-07-14 17:00:09
947;districts;1712;"";113;113;36;113;26;Инсар;insar;0;1;"";89224501000;0;1;"{""id"":1712,""parentId"":0,""regionId"":113,""name"":""Инсар"",""administrative"":0,""okato"":""89224501000"",""is_city"":1}";2026-07-01 16:19:44;2026-07-14 17:00:09
948;districts;1811;"";113;113;36;113;26;Темников;temnikov;0;1;"";89249501000;0;1;"{""id"":1811,""parentId"":0,""regionId"":113,""name"":""Темников"",""administrative"":0,""okato"":""89249501000"",""is_city"":1}";2026-07-01 16:19:44;2026-07-14 17:00:09
949;districts;1833;"";114;114;37;114;27;Покровск;pokrovsk;0;1;"";98420000000;0;1;"{""id"":1833,""parentId"":0,""regionId"":114,""name"":""Покровск"",""administrative"":0,""okato"":""98420000000"",""is_city"":1}";2026-07-01 16:19:44;2026-07-14 17:00:09
950;districts;1985;"";121;121;43;121;33;Мариинский Посад;mariinskiy-posad;0;1;"";97229501000;0;1;"{""id"":1985,""parentId"":0,""regionId"":121,""name"":""Мариинский Посад"",""administrative"":0,""okato"":""97229501000"",""is_city"":1}";2026-07-01 16:19:44;2026-07-14 17:00:09
951;districts;2007;"";121;121;43;121;33;Ядрин;yadrin;0;1;"";97253501000;0;1;"{""id"":2007,""parentId"":0,""regionId"":121,""name"":""Ядрин"",""administrative"":0,""okato"":""97253501000"",""is_city"":1}";2026-07-01 16:19:44;2026-07-14 17:00:09
952;districts;2013;"";123;123;45;123;35;Афипский;afipskiy;0;1;"";"03243552000";0;1;"{""id"":2013,""parentId"":0,""regionId"":123,""name"":""Афипский"",""administrative"":0,""okato"":""03243552000"",""is_city"":1}";2026-07-01 16:19:44;2026-07-14 17:00:09
953;districts;2016;"";123;123;45;123;35;Брюховецкая;bryukhovetskaya;0;1;"";"03210807001";0;1;"{""id"":2016,""parentId"":0,""regionId"":123,""name"":""Брюховецкая"",""administrative"":0,""okato"":""03210807001"",""is_city"":1}";2026-07-01 16:19:44;2026-07-14 17:00:09
954;districts;2021;"";123;123;45;123;35;Динская;dinskaya;0;1;"";"03214804001";0;1;"{""id"":2021,""parentId"":0,""regionId"":123,""name"":""Динская"",""administrative"":0,""okato"":""03214804001"",""is_city"":1}";2026-07-01 16:19:44;2026-07-14 17:00:09
955;districts;2026;"";123;123;45;123;35;Каневская;kanevskaya;0;1;"";"03220802001";0;1;"{""id"":2026,""parentId"":0,""regionId"":123,""name"":""Каневская"",""administrative"":0,""okato"":""03220802001"",""is_city"":1}";2026-07-01 16:19:44;2026-07-14 17:00:09
956;districts;2032;"";123;123;45;123;35;Кущевская;kushchevskaya;0;1;"";"03228816001";0;1;"{""id"":2032,""parentId"":0,""regionId"":123,""name"":""Кущевская"",""administrative"":0,""okato"":""03228816001"",""is_city"":1}";2026-07-01 16:19:45;2026-07-14 17:00:09
957;districts;2033;"";123;123;45;123;35;Ленинградская;leningradskaya;0;1;"";"03232810001";0;1;"{""id"":2033,""parentId"":0,""regionId"":123,""name"":""Ленинградская"",""administrative"":0,""okato"":""03232810001"",""is_city"":1}";2026-07-01 16:19:45;2026-07-14 17:00:09
958;districts;2037;"";123;123;45;123;35;Мостовской;mostovskoy;0;1;"";"03233551000";0;1;"{""id"":2037,""parentId"":0,""regionId"":123,""name"":""Мостовской"",""administrative"":0,""okato"":""03233551000"",""is_city"":1}";2026-07-01 16:19:45;2026-07-14 17:00:09
959;districts;2041;"";123;123;45;123;35;Новотитаровская;novotitarovskaya;0;1;"";"03214816001";0;1;"{""id"":2041,""parentId"":0,""regionId"":123,""name"":""Новотитаровская"",""administrative"":0,""okato"":""03214816001"",""is_city"":1}";2026-07-01 16:19:45;2026-07-14 17:00:09
960;districts;2044;"";123;123;45;123;35;Отрадная;otradnaya;0;1;"";"03237813001";0;1;"{""id"":2044,""parentId"":0,""regionId"":123,""name"":""Отрадная"",""administrative"":0,""okato"":""03237813001"",""is_city"":1}";2026-07-01 16:19:45;2026-07-14 17:00:09
961;districts;2045;"";123;123;45;123;35;Павловская;pavlovskaya;0;1;"";"03239828001";0;1;"{""id"":2045,""parentId"":0,""regionId"":123,""name"":""Павловская"",""administrative"":0,""okato"":""03239828001"",""is_city"":1}";2026-07-01 16:19:45;2026-07-14 17:00:09
962;districts;2047;"";123;123;45;123;35;Полтавская;poltavskaya;0;1;"";"03223810001";0;1;"{""id"":2047,""parentId"":0,""regionId"":123,""name"":""Полтавская"",""administrative"":0,""okato"":""03223810001"",""is_city"":1}";2026-07-01 16:19:45;2026-07-14 17:00:09
963;districts;2057;"";123;123;45;123;35;Староминская;starominskaya;0;1;"";"03247813001";0;1;"{""id"":2057,""parentId"":0,""regionId"":123,""name"":""Староминская"",""administrative"":0,""okato"":""03247813001"",""is_city"":1}";2026-07-01 16:19:45;2026-07-14 17:00:09
964;districts;2062;"";123;123;45;123;35;Тбилисская;tbilisskaya;0;1;"";"03249819001";0;1;"{""id"":2062,""parentId"":0,""regionId"":123,""name"":""Тбилисская"",""administrative"":0,""okato"":""03249819001"",""is_city"":1}";2026-07-01 16:19:45;2026-07-14 17:00:09
965;districts;2173;"";128;128;50;128;41;Сковородино;skovorodino;0;1;"";10249501000;0;1;"{""id"":2173,""parentId"":0,""regionId"":128,""name"":""Сковородино"",""administrative"":0,""okato"":""10249501000"",""is_city"":1}";2026-07-01 16:19:45;2026-07-14 17:00:09
966;districts;2218;"";131;131;53;131;44;Бирюч;biryuch;0;1;"";14242501000;0;1;"{""id"":2218,""parentId"":0,""regionId"":131,""name"":""Бирюч"",""administrative"":0,""okato"":""14242501000"",""is_city"":1}";2026-07-01 16:19:45;2026-07-14 17:00:09
967;districts;2225;"";131;131;53;131;44;Грайворон;grayvoron;0;1;"";14232501000;0;1;"{""id"":2225,""parentId"":0,""regionId"":131,""name"":""Грайворон"",""administrative"":0,""okato"":""14232501000"",""is_city"":1}";2026-07-01 16:19:45;2026-07-14 17:00:09
968;districts;2232;"";131;131;53;131;44;Короча;korocha;0;1;"";14240501000;0;1;"{""id"":2232,""parentId"":0,""regionId"":131,""name"":""Короча"",""administrative"":0,""okato"":""14240501000"",""is_city"":1}";2026-07-01 16:19:45;2026-07-14 17:00:09
969;districts;2244;"";131;131;53;131;44;Разумное;razumnoe;0;1;"";14210565000;0;1;"{""id"":2244,""parentId"":0,""regionId"":131,""name"":""Разумное"",""administrative"":0,""okato"":""14210565000"",""is_city"":1}";2026-07-01 16:19:45;2026-07-14 17:00:09
970;districts;2248;"";131;131;53;131;44;Северный;severnyy;0;1;"";14210567000;0;1;"{""id"":2248,""parentId"":0,""regionId"":131,""name"":""Северный"",""administrative"":0,""okato"":""14210567000"",""is_city"":1}";2026-07-01 16:19:45;2026-07-14 17:00:09
971;districts;2269;"";132;132;54;132;45;Злынка;zlynka;0;1;"";15223501000;0;1;"{""id"":2269,""parentId"":0,""regionId"":132,""name"":""Злынка"",""administrative"":0,""okato"":""15223501000"",""is_city"":1}";2026-07-01 16:19:45;2026-07-14 17:00:09
972;districts;2277;"";132;132;54;132;45;Мглин;mglin;0;1;"";15236501000;0;1;"{""id"":2277,""parentId"":0,""regionId"":132,""name"":""Мглин"",""administrative"":0,""okato"":""15236501000"",""is_city"":1}";2026-07-01 16:19:45;2026-07-14 17:00:09
973;districts;2289;"";132;132;54;132;45;Севск;sevsk;0;1;"";15248501000;0;1;"{""id"":2289,""parentId"":0,""regionId"":132,""name"":""Севск"",""administrative"":0,""okato"":""15248501000"",""is_city"":1}";2026-07-01 16:19:45;2026-07-14 17:00:09
974;districts;2416;"";133;133;55;133;46;Костерево;kosterevo;0;1;"";17246510000;0;1;"{""id"":2416,""parentId"":0,""regionId"":133,""name"":""Костерево"",""administrative"":0,""okato"":""17246510000"",""is_city"":1}";2026-07-01 16:19:45;2026-07-14 17:00:09
975;districts;2431;"";133;133;55;133;46;Курлово;kurlovo;0;1;"";17220515000;0;1;"{""id"":2431,""parentId"":0,""regionId"":133,""name"":""Курлово"",""administrative"":0,""okato"":""17220515000"",""is_city"":1}";2026-07-01 16:19:45;2026-07-14 17:00:09
976;districts;2608;"";136;136;57;136;48;Новая Усмань;novaya-usman;0;1;"";20225891001;0;1;"{""id"":2608,""parentId"":0,""regionId"":136,""name"":""Новая Усмань"",""administrative"":0,""okato"":""20225891001"",""is_city"":1}";2026-07-01 16:19:45;2026-07-14 17:00:09
977;districts;2609;"";136;136;57;136;48;Новохоперск;novokhopersk;0;1;"";20227501000;0;1;"{""id"":2609,""parentId"":0,""regionId"":136,""name"":""Новохоперск"",""administrative"":0,""okato"":""20227501000"",""is_city"":1}";2026-07-01 16:19:45;2026-07-14 17:00:09
978;districts;2620;"";138;138;59;138;50;Бирюсинск;biryusinsk;0;1;"";25236508000;0;1;"{""id"":2620,""parentId"":0,""regionId"":138,""name"":""Бирюсинск"",""administrative"":0,""okato"":""25236508000"",""is_city"":1}";2026-07-01 16:19:45;2026-07-14 17:00:09
979;districts;2632;"";140;140;61;140;52;Белоусово;belousovo;0;1;"";29213507000;0;1;"{""id"":2632,""parentId"":0,""regionId"":140,""name"":""Белоусово"",""administrative"":0,""okato"":""29213507000"",""is_city"":1}";2026-07-01 16:19:45;2026-07-14 17:00:09
980;districts;2637;"";140;140;61;140;52;Кременки;kremenki;0;1;"";29213510000;0;1;"{""id"":2637,""parentId"":0,""regionId"":140,""name"":""Кременки"",""administrative"":0,""okato"":""29213510000"",""is_city"":1}";2026-07-01 16:19:45;2026-07-14 17:00:09
981;districts;2641;"";140;140;61;140;52;Таруса;tarusa;0;1;"";29238501000;0;1;"{""id"":2641,""parentId"":0,""regionId"":140,""name"":""Таруса"",""administrative"":0,""okato"":""29238501000"",""is_city"":1}";2026-07-01 16:19:45;2026-07-14 17:00:09
982;districts;2699;"";143;143;64;143;55;Нолинск;nolinsk;0;1;"";33227501000;0;1;"{""id"":2699,""parentId"":0,""regionId"":143,""name"":""Нолинск"",""administrative"":0,""okato"":""33227501000"",""is_city"":1}";2026-07-01 16:19:45;2026-07-14 17:00:09
983;districts;2736;"";144;144;65;144;56;Макарьев;makarev;0;1;"";34218501000;0;1;"{""id"":2736,""parentId"":0,""regionId"":144,""name"":""Макарьев"",""administrative"":0,""okato"":""34218501000"",""is_city"":1}";2026-07-01 16:19:45;2026-07-14 17:00:09
984;districts;3237;"";158;158;74;158;65;Белинский;belinskiy;0;1;"";56212501000;0;1;"{""id"":3237,""parentId"":0,""regionId"":158,""name"":""Белинский"",""administrative"":0,""okato"":""56212501000"",""is_city"":1}";2026-07-01 16:19:45;2026-07-14 17:00:09
985;districts;3249;"";158;158;74;158;65;Городище;gorodishche;0;1;"";56218501000;0;1;"{""id"":3249,""parentId"":0,""regionId"":158,""name"":""Городище"",""administrative"":0,""okato"":""56218501000"",""is_city"":1}";2026-07-01 16:19:45;2026-07-14 17:00:09
986;districts;3297;"";158;158;74;158;65;Спасск;spassk;0;1;"";56206501000;0;1;"{""id"":3297,""parentId"":0,""regionId"":158,""name"":""Спасск"",""administrative"":0,""okato"":""56206501000"",""is_city"":1}";2026-07-01 16:19:45;2026-07-14 17:00:09
987;districts;3303;"";158;158;74;158;65;Сурск;sursk;0;1;"";56218508000;0;1;"{""id"":3303,""parentId"":0,""regionId"":158,""name"":""Сурск"",""administrative"":0,""okato"":""56218508000"",""is_city"":1}";2026-07-01 16:19:45;2026-07-14 17:00:09
988;districts;3346;"";162;162;77;162;68;Спас-Клепики;spas-klepiki;0;1;"";61210501000;0;1;"{""id"":3346,""parentId"":0,""regionId"":162,""name"":""Спас-Клепики"",""administrative"":0,""okato"":""61210501000"",""is_city"":1}";2026-07-01 16:19:45;2026-07-14 17:00:09
989;districts;3347;"";162;162;77;162;68;Спасск-Рязанский;spassk-ryazanskiy;0;1;"";61246501000;0;1;"{""id"":3347,""parentId"":0,""regionId"":162,""name"":""Спасск-Рязанский"",""administrative"":0,""okato"":""61246501000"",""is_city"":1}";2026-07-01 16:19:45;2026-07-14 17:00:09
990;districts;3354;"";162;162;77;162;68;Шацк;shatsk;0;1;"";61256501000;0;1;"{""id"":3354,""parentId"":0,""regionId"":162,""name"":""Шацк"",""administrative"":0,""okato"":""61256501000"",""is_city"":1}";2026-07-01 16:19:45;2026-07-14 17:00:09
991;districts;3635;"";164;164;78;164;69;Приволжский;privolzhskij_saratovskaya-oblast;0;1;"";63250554000;0;1;"{""id"":3635,""parentId"":0,""regionId"":164,""name"":""Приволжский"",""administrative"":0,""okato"":""63250554000"",""is_city"":1}";2026-07-01 16:19:45;2026-07-14 17:00:09
992;districts;3755;"";164;164;78;164;69;Шиханы;shikhany;0;1;"";63448000000;0;1;"{""id"":3755,""parentId"":0,""regionId"":164,""name"":""Шиханы"",""administrative"":0,""okato"":""63448000000"",""is_city"":1}";2026-07-01 16:19:45;2026-07-14 17:00:09
993;districts;3759;"";164;164;78;164;69;Энгельс-2;engels-2;0;1;"";63450554000;0;1;"{""id"":3759,""parentId"":0,""regionId"":164,""name"":""Энгельс-2"",""administrative"":0,""okato"":""63450554000"",""is_city"":1}";2026-07-01 16:19:45;2026-07-14 17:00:09
994;districts;3764;"";165;165;79;165;70;Анива;aniva;0;1;"";64208501000;0;1;"{""id"":3764,""parentId"":0,""regionId"":165,""name"":""Анива"",""administrative"":0,""okato"":""64208501000"",""is_city"":1}";2026-07-01 16:19:45;2026-07-14 17:00:09
995;districts;3765;"";165;165;79;165;70;Макаров;makarov;0;1;"";64224501000;0;1;"{""id"":3765,""parentId"":0,""regionId"":165,""name"":""Макаров"",""administrative"":0,""okato"":""64224501000"",""is_city"":1}";2026-07-01 16:19:45;2026-07-14 17:00:09
996;districts;3771;"";165;165;79;165;70;Шахтерск;shakhtersk;0;1;"";64252555000;0;1;"{""id"":3771,""parentId"":0,""regionId"":165,""name"":""Шахтерск"",""administrative"":0,""okato"":""64252555000"",""is_city"":1}";2026-07-01 16:19:45;2026-07-14 17:00:09
997;districts;3774;"";167;167;80;167;71;Велиж;velizh;0;1;"";66203501000;0;1;"{""id"":3774,""parentId"":0,""regionId"":167,""name"":""Велиж"",""administrative"":0,""okato"":""66203501000"",""is_city"":1}";2026-07-01 16:19:45;2026-07-14 17:00:09
998;districts;3781;"";167;167;80;167;71;Демидов;demidov;0;1;"";66211501000;0;1;"{""id"":3781,""parentId"":0,""regionId"":167,""name"":""Демидов"",""administrative"":0,""okato"":""66211501000"",""is_city"":1}";2026-07-01 16:19:45;2026-07-14 17:00:09
999;districts;3784;"";167;167;80;167;71;Духовщина;dukhovshchina;0;1;"";66216501000;0;1;"{""id"":3784,""parentId"":0,""regionId"":167,""name"":""Духовщина"",""administrative"":0,""okato"":""66216501000"",""is_city"":1}";2026-07-01 16:19:45;2026-07-14 17:00:09
1000;districts;3785;"";167;167;80;167;71;Ельня;elnya;0;1;"";66219501000;0;1;"{""id"":3785,""parentId"":0,""regionId"":167,""name"":""Ельня"",""administrative"":0,""okato"":""66219501000"",""is_city"":1}";2026-07-01 16:19:45;2026-07-14 17:00:09
1001;districts;3810;"";167;167;80;167;71;Починок;pochinok;0;1;"";66233501000;0;1;"{""id"":3810,""parentId"":0,""regionId"":167,""name"":""Починок"",""administrative"":0,""okato"":""66233501000"",""is_city"":1}";2026-07-01 16:19:45;2026-07-14 17:00:09
1002;districts;3813;"";167;167;80;167;71;Рудня;rudnya;0;1;"";66238501000;0;1;"{""id"":3813,""parentId"":0,""regionId"":167,""name"":""Рудня"",""administrative"":0,""okato"":""66238501000"",""is_city"":1}";2026-07-01 16:19:45;2026-07-14 17:00:09
1003;districts;3818;"";167;167;80;167;71;Сычевка;sychevka;0;1;"";66246501000;0;1;"{""id"":3818,""parentId"":0,""regionId"":167,""name"":""Сычевка"",""administrative"":0,""okato"":""66246501000"",""is_city"":1}";2026-07-01 16:19:45;2026-07-14 17:00:09
1004;districts;3864;"";169;169;82;169;73;Андреаполь;andreapol;0;1;"";28202501000;0;1;"{""id"":3864,""parentId"":0,""regionId"":169,""name"":""Андреаполь"",""administrative"":0,""okato"":""28202501000"",""is_city"":1}";2026-07-01 16:19:45;2026-07-14 17:00:09
1005;districts;3867;"";169;169;82;169;73;Белый;belyy;0;1;"";28206501000;0;1;"{""id"":3867,""parentId"":0,""regionId"":169,""name"":""Белый"",""administrative"":0,""okato"":""28206501000"",""is_city"":1}";2026-07-01 16:19:45;2026-07-14 17:00:09
1006;districts;3873;"";169;169;82;169;73;Весьегонск;vesegonsk;0;1;"";28210501000;0;1;"{""id"":3873,""parentId"":0,""regionId"":169,""name"":""Весьегонск"",""administrative"":0,""okato"":""28210501000"",""is_city"":1}";2026-07-01 16:19:45;2026-07-14 17:00:09
1007;districts;3880;"";169;169;82;169;73;Западная Двина;zapadnaya-dvina;0;1;"";28216501000;0;1;"{""id"":3880,""parentId"":0,""regionId"":169,""name"":""Западная Двина"",""administrative"":0,""okato"":""28216501000"",""is_city"":1}";2026-07-01 16:19:45;2026-07-14 17:00:09
1008;districts;3882;"";169;169;82;169;73;Зубцов;zubtsov;0;1;"";28218501000;0;1;"{""id"":3882,""parentId"":0,""regionId"":169,""name"":""Зубцов"",""administrative"":0,""okato"":""28218501000"",""is_city"":1}";2026-07-01 16:19:45;2026-07-14 17:00:09
1009;districts;3888;"";169;169;82;169;73;Красный Холм;krasnyy-kholm;0;1;"";28232501000;0;1;"{""id"":3888,""parentId"":0,""regionId"":169,""name"":""Красный Холм"",""administrative"":0,""okato"":""28232501000"",""is_city"":1}";2026-07-01 16:19:45;2026-07-14 17:00:09
1010;districts;3911;"";169;169;82;169;73;Старица;staritsa;0;1;"";28253501000;0;1;"{""id"":3911,""parentId"":0,""regionId"":169,""name"":""Старица"",""administrative"":0,""okato"":""28253501000"",""is_city"":1}";2026-07-01 16:19:45;2026-07-14 17:00:09
1011;districts;3925;"";171;171;84;171;75;Болохово;bolokhovo;0;1;"";70228508000;0;1;"{""id"":3925,""parentId"":0,""regionId"":171,""name"":""Болохово"",""administrative"":0,""okato"":""70228508000"",""is_city"":1}";2026-07-01 16:19:45;2026-07-14 17:00:09
1012;districts;3943;"";171;171;84;171;75;Липки;lipki;0;1;"";70228513000;0;1;"{""id"":3943,""parentId"":0,""regionId"":171,""name"":""Липки"",""administrative"":0,""okato"":""70228513000"",""is_city"":1}";2026-07-01 16:19:45;2026-07-14 17:00:09
1013;districts;3997;"";176;176;88;176;79;Любим;lyubim;0;1;"";78218501000;0;1;"{""id"":3997,""parentId"":0,""regionId"":176,""name"":""Любим"",""administrative"":0,""okato"":""78218501000"",""is_city"":1}";2026-07-01 16:19:45;2026-07-14 17:00:10
1014;districts;4019;"";16;16;2;16;4;Иннополис;innopolis;0;1;"";92220509000;0;1;"{""id"":4019,""parentId"":0,""regionId"":16,""name"":""Иннополис"",""administrative"":0,""okato"":""92220509000"",""is_city"":1}";2026-07-01 16:19:45;2026-07-14 17:00:10
1015;districts;4020;"";16;16;2;16;4;Болгар;bolgar;0;1;"";92232501000;0;1;"{""id"":4020,""parentId"":0,""regionId"":16,""name"":""Болгар"",""administrative"":0,""okato"":""92232501000"",""is_city"":1}";2026-07-01 16:19:45;2026-07-14 17:00:10
1016;districts;4021;"";16;16;2;16;4;Лаишево;laishevo;0;1;"";92234501000;0;1;"{""id"":4021,""parentId"":0,""regionId"":16,""name"":""Лаишево"",""administrative"":0,""okato"":""92234501000"",""is_city"":1}";2026-07-01 16:19:46;2026-07-14 17:00:10
1017;districts;4022;"";34;34;3;34;5;Серафимович;serafimovich;0;1;"";18250501000;0;1;"{""id"":4022,""parentId"":0,""regionId"":34,""name"":""Серафимович"",""administrative"":0,""okato"":""18250501000"",""is_city"":1}";2026-07-01 16:19:46;2026-07-14 17:00:10
1018;districts;4023;"";47;47;4;47;6;Новая Ладога;novaya-ladoga;0;1;"";41209504000;0;1;"{""id"":4023,""parentId"":0,""regionId"":47,""name"":""Новая Ладога"",""administrative"":0,""okato"":""41209504000"",""is_city"":1}";2026-07-01 16:19:46;2026-07-14 17:00:10
1019;districts;4024;"";47;47;4;47;6;Каменногорск;kamennogorsk;0;1;"";41215506000;0;1;"{""id"":4024,""parentId"":0,""regionId"":47,""name"":""Каменногорск"",""administrative"":0,""okato"":""41215506000"",""is_city"":1}";2026-07-01 16:19:46;2026-07-14 17:00:10
1020;districts;4025;"";47;47;4;47;6;Приморск;primorsk;0;1;"";41215508000;0;1;"{""id"":4025,""parentId"":0,""regionId"":47,""name"":""Приморск"",""administrative"":0,""okato"":""41215508000"",""is_city"":1}";2026-07-01 16:19:46;2026-07-14 17:00:10
1021;districts;4027;"";47;47;4;47;6;Любань;lyuban;0;1;"";41248505000;0;1;"{""id"":4027,""parentId"":0,""regionId"":47,""name"":""Любань"",""administrative"":0,""okato"":""41248505000"",""is_city"":1}";2026-07-01 16:19:46;2026-07-14 17:00:10
1022;districts;4034;"";50;50;5;50;7;Снегири;snegiri;0;1;"";46218556000;0;1;"{""id"":4034,""parentId"":0,""regionId"":50,""name"":""Снегири"",""administrative"":0,""okato"":""46218556000"",""is_city"":1}";2026-07-01 16:19:46;2026-07-14 17:00:10
1023;districts;4058;"";66;66;11;66;13;Верхняя Тура;verkhnyaya-tura;0;1;"";65470503000;0;1;"{""id"":4058,""parentId"":0,""regionId"":66,""name"":""Верхняя Тура"",""administrative"":0,""okato"":""65470503000"",""is_city"":1}";2026-07-01 16:19:46;2026-07-14 17:00:10
1024;districts;4060;"";66;66;11;66;13;Волчанск;volchansk;0;1;"";65445503000;0;1;"{""id"":4060,""parentId"":0,""regionId"":66,""name"":""Волчанск"",""administrative"":0,""okato"":""65445503000"",""is_city"":1}";2026-07-01 16:19:46;2026-07-14 17:00:10
1025;districts;4061;"";66;66;11;66;13;Верхний Тагил;verkhniy-tagil;0;1;"";65453503000;0;1;"{""id"":4061,""parentId"":0,""regionId"":66,""name"":""Верхний Тагил"",""administrative"":0,""okato"":""65453503000"",""is_city"":1}";2026-07-01 16:19:46;2026-07-14 17:00:10
1026;districts;4062;"";66;66;11;66;13;Арамиль;aramil;0;1;"";65241503000;0;1;"{""id"":4062,""parentId"":0,""regionId"":66,""name"":""Арамиль"",""administrative"":0,""okato"":""65241503000"",""is_city"":1}";2026-07-01 16:19:46;2026-07-14 17:00:10
1027;districts;4063;"";66;66;11;66;13;Верхотурье;verkhoture;0;1;"";65212501000;0;1;"{""id"":4063,""parentId"":0,""regionId"":66,""name"":""Верхотурье"",""administrative"":0,""okato"":""65212501000"",""is_city"":1}";2026-07-01 16:19:46;2026-07-14 17:00:10
1028;districts;4064;"";66;66;11;66;13;Михайловск;stavropol_mihajlovsk;0;1;"";65228504000;0;1;"{""id"":4064,""parentId"":0,""regionId"":66,""name"":""Михайловск"",""administrative"":0,""okato"":""65228504000"",""is_city"":1}";2026-07-01 16:19:46;2026-07-14 17:00:10
1029;districts;4065;"";66;66;11;66;13;Нижние Серги;nizhnie-sergi;0;1;"";65228501000;0;1;"{""id"":4065,""parentId"":0,""regionId"":66,""name"":""Нижние Серги"",""administrative"":0,""okato"":""65228501000"",""is_city"":1}";2026-07-01 16:19:46;2026-07-14 17:00:10
1030;districts;4066;"";66;66;11;66;13;Новая Ляля;novaya-lyalya;0;1;"";65229501000;0;1;"{""id"":4066,""parentId"":0,""regionId"":66,""name"":""Новая Ляля"",""administrative"":0,""okato"":""65229501000"",""is_city"":1}";2026-07-01 16:19:46;2026-07-14 17:00:10
1031;districts;4068;"";74;74;12;74;14;Верхнеуральск;verkhneuralsk;0;1;"";75217501000;0;1;"{""id"":4068,""parentId"":0,""regionId"":74,""name"":""Верхнеуральск"",""administrative"":0,""okato"":""75217501000"",""is_city"":1}";2026-07-01 16:19:46;2026-07-14 17:00:10
1032;districts;4070;"";78;78;14;78;2;Зеленогорск;zelenogorsk;0;1;"";40281509000;0;1;"{""id"":4070,""parentId"":0,""regionId"":78,""name"":""Зеленогорск"",""administrative"":0,""okato"":""40281509000"",""is_city"":1}";2026-07-01 16:19:46;2026-07-14 17:00:10
1033;districts;4071;"";78;78;14;78;2;Пушкин;pushkin;0;1;"";40294501000;0;1;"{""id"":4071,""parentId"":0,""regionId"":78,""name"":""Пушкин"",""administrative"":0,""okato"":""40294501000"",""is_city"":1}";2026-07-01 16:19:46;2026-07-14 17:00:10
1034;districts;4074;"";108;108;31;108;21;Городовиковск;gorodovikovsk;0;1;"";85205501000;0;1;"{""id"":4074,""parentId"":0,""regionId"":108,""name"":""Городовиковск"",""administrative"":0,""okato"":""85205501000"",""is_city"":1}";2026-07-01 16:19:46;2026-07-14 17:00:10
1035;districts;4075;"";109;109;32;109;22;Теберда;teberda;0;1;"";91405503000;0;1;"{""id"":4075,""parentId"":0,""regionId"":109,""name"":""Теберда"",""administrative"":0,""okato"":""91405503000"",""is_city"":1}";2026-07-01 16:19:46;2026-07-14 17:00:10
1036;districts;4076;"";110;110;33;110;23;Лахденпохья;lakhdenpokhya;0;1;"";86218501000;0;1;"{""id"":4076,""parentId"":0,""regionId"":110,""name"":""Лахденпохья"",""administrative"":0,""okato"":""86218501000"",""is_city"":1}";2026-07-01 16:19:46;2026-07-14 17:00:10
1037;districts;4077;"";110;110;33;110;23;Пудож;pudozh;0;1;"";86242501000;0;1;"{""id"":4077,""parentId"":0,""regionId"":110,""name"":""Пудож"",""administrative"":0,""okato"":""86242501000"",""is_city"":1}";2026-07-01 16:19:46;2026-07-14 17:00:10
1038;districts;4078;"";110;110;33;110;23;Олонец;olonets;0;1;"";86230501000;0;1;"{""id"":4078,""parentId"":0,""regionId"":110,""name"":""Олонец"",""administrative"":0,""okato"":""86230501000"",""is_city"":1}";2026-07-01 16:19:46;2026-07-14 17:00:10
1039;districts;4079;"";110;110;33;110;23;Суоярви;suoyarvi;0;1;"";86250501000;0;1;"{""id"":4079,""parentId"":0,""regionId"":110,""name"":""Суоярви"",""administrative"":0,""okato"":""86250501000"",""is_city"":1}";2026-07-01 16:19:46;2026-07-14 17:00:10
1040;districts;4080;"";114;114;37;114;27;Олекминск;olekminsk;0;1;"";98241501000;0;1;"{""id"":4080,""parentId"":0,""regionId"":114,""name"":""Олекминск"",""administrative"":0,""okato"":""98241501000"",""is_city"":1}";2026-07-01 16:19:46;2026-07-14 17:00:10
1041;districts;4082;"";114;114;37;114;27;Томмот;tommot;0;1;"";98203505000;0;1;"{""id"":4082,""parentId"":0,""regionId"":114,""name"":""Томмот"",""administrative"":0,""okato"":""98203505000"",""is_city"":1}";2026-07-01 16:19:46;2026-07-14 17:00:10
1042;districts;4084;"";115;115;38;115;28;Дигора;digora;0;1;"";90215501000;0;1;"{""id"":4084,""parentId"":0,""regionId"":115,""name"":""Дигора"",""administrative"":0,""okato"":""90215501000"",""is_city"":1}";2026-07-01 16:19:46;2026-07-14 17:00:10
1043;districts;4089;"";124;124;46;124;37;Заозерный;zaozernyy;0;1;"";"04247501000";0;1;"{""id"":4089,""parentId"":0,""regionId"":124,""name"":""Заозерный"",""administrative"":0,""okato"":""04247501000"",""is_city"":1}";2026-07-01 16:19:46;2026-07-14 17:00:10
1044;districts;4092;"";124;124;46;124;37;Уяр;uyar;0;1;"";"04257501000";0;1;"{""id"":4092,""parentId"":0,""regionId"":124,""name"":""Уяр"",""administrative"":0,""okato"":""04257501000"",""is_city"":1}";2026-07-01 16:19:46;2026-07-14 17:00:10
1045;districts;4096;"";128;128;50;128;41;Циолковский;tsiolkovskiy;0;1;"";10545000000;0;1;"{""id"":4096,""parentId"":0,""regionId"":128,""name"":""Циолковский"",""administrative"":0,""okato"":""10545000000"",""is_city"":1}";2026-07-01 16:19:46;2026-07-14 17:00:10
1046;districts;4098;"";129;129;51;129;42;Сольвычегодск;solvychegodsk;0;1;"";11227504000;0;1;"{""id"":4098,""parentId"":0,""regionId"":129,""name"":""Сольвычегодск"",""administrative"":0,""okato"":""11227504000"",""is_city"":1}";2026-07-01 16:19:46;2026-07-14 17:00:10
1047;districts;4102;"";135;135;56;135;47;Кириллов;kirillov;0;1;"";19228501000;0;1;"{""id"":4102,""parentId"":0,""regionId"":135,""name"":""Кириллов"",""administrative"":0,""okato"":""19228501000"",""is_city"":1}";2026-07-01 16:19:46;2026-07-14 17:00:10
1048;districts;4103;"";135;135;56;135;47;Красавино;krasavino;0;1;"";19410501000;0;1;"{""id"":4103,""parentId"":0,""regionId"":135,""name"":""Красавино"",""administrative"":0,""okato"":""19410501000"",""is_city"":1}";2026-07-01 16:19:46;2026-07-14 17:00:10
1049;districts;4104;"";135;135;56;135;47;Кадников;kadnikov;0;1;"";19238504000;0;1;"{""id"":4104,""parentId"":0,""regionId"":135,""name"":""Кадников"",""administrative"":0,""okato"":""19238504000"",""is_city"":1}";2026-07-01 16:19:46;2026-07-14 17:00:10
1050;districts;4107;"";137;137;58;137;49;Наволоки;navoloki;0;1;"";24211504000;0;1;"{""id"":4107,""parentId"":0,""regionId"":137,""name"":""Наволоки"",""administrative"":0,""okato"":""24211504000"",""is_city"":1}";2026-07-01 16:19:46;2026-07-14 17:00:10
1051;districts;4108;"";137;137;58;137;49;Пучеж;puchezh;0;1;"";24221501000;0;1;"{""id"":4108,""parentId"":0,""regionId"":137,""name"":""Пучеж"",""administrative"":0,""okato"":""24221501000"",""is_city"":1}";2026-07-01 16:19:46;2026-07-14 17:00:10
1052;districts;4110;"";137;137;58;137;49;Комсомольск;komsomolsk;0;1;"";24213501000;0;1;"{""id"":4110,""parentId"":0,""regionId"":137,""name"":""Комсомольск"",""administrative"":0,""okato"":""24213501000"",""is_city"":1}";2026-07-01 16:19:46;2026-07-14 17:00:10
1053;districts;4113;"";138;138;59;138;50;Алзамай;alzamay;0;1;"";25228508000;0;1;"{""id"":4113,""parentId"":0,""regionId"":138,""name"":""Алзамай"",""administrative"":0,""okato"":""25228508000"",""is_city"":1}";2026-07-01 16:19:46;2026-07-14 17:00:10
1054;districts;4125;"";139;139;60;139;51;Мамоново;mamonovo;0;1;"";27203510000;0;1;"{""id"":4125,""parentId"":0,""regionId"":139,""name"":""Мамоново"",""administrative"":0,""okato"":""27203510000"",""is_city"":1}";2026-07-01 16:19:46;2026-07-14 17:00:10
1055;districts;4126;"";139;139;60;139;51;Краснознаменск;krasnoznamensk;0;1;"";27218501000;0;1;"{""id"":4126,""parentId"":0,""regionId"":139,""name"":""Краснознаменск"",""administrative"":0,""okato"":""27218501000"",""is_city"":1}";2026-07-01 16:19:46;2026-07-14 17:00:10
1056;districts;4127;"";139;139;60;139;51;Приморск;primorsk;0;1;"";27405555000;0;1;"{""id"":4127,""parentId"":0,""regionId"":139,""name"":""Приморск"",""administrative"":0,""okato"":""27405555000"",""is_city"":1}";2026-07-01 16:19:46;2026-07-14 17:00:10
1057;districts;4129;"";139;139;60;139;51;Славск;slavsk;0;1;"";27236501000;0;1;"{""id"":4129,""parentId"":0,""regionId"":139,""name"":""Славск"",""administrative"":0,""okato"":""27236501000"",""is_city"":1}";2026-07-01 16:19:46;2026-07-14 17:00:10
1058;districts;4130;"";139;139;60;139;51;Багратионовск;bagrationovsk;0;1;"";27203501000;0;1;"{""id"":4130,""parentId"":0,""regionId"":139,""name"":""Багратионовск"",""administrative"":0,""okato"":""27203501000"",""is_city"":1}";2026-07-01 16:19:46;2026-07-14 17:00:10
1059;districts;4131;"";139;139;60;139;51;Озерск;ozersk;0;1;"";27227501000;0;1;"{""id"":4131,""parentId"":0,""regionId"":139,""name"":""Озерск"",""administrative"":0,""okato"":""27227501000"",""is_city"":1}";2026-07-01 16:19:46;2026-07-14 17:00:10
1060;districts;4132;"";139;139;60;139;51;Полесск;polessk;0;1;"";27230501000;0;1;"{""id"":4132,""parentId"":0,""regionId"":139,""name"":""Полесск"",""administrative"":0,""okato"":""27230501000"",""is_city"":1}";2026-07-01 16:19:46;2026-07-14 17:00:10
1061;districts;4133;"";139;139;60;139;51;Правдинск;pravdinsk;0;1;"";27233501000;0;1;"{""id"":4133,""parentId"":0,""regionId"":139,""name"":""Правдинск"",""administrative"":0,""okato"":""27233501000"",""is_city"":1}";2026-07-01 16:19:46;2026-07-14 17:00:10
1062;districts;4134;"";140;140;61;140;52;Юхнов;yukhnov;0;1;"";29250501000;0;1;"{""id"":4134,""parentId"":0,""regionId"":140,""name"":""Юхнов"",""administrative"":0,""okato"":""29250501000"",""is_city"":1}";2026-07-01 16:19:46;2026-07-14 17:00:10
1063;districts;4136;"";140;140;61;140;52;Спас-Деменск;spas-demensk;0;1;"";29234501000;0;1;"{""id"":4136,""parentId"":0,""regionId"":140,""name"":""Спас-Деменск"",""administrative"":0,""okato"":""29234501000"",""is_city"":1}";2026-07-01 16:19:46;2026-07-14 17:00:10
1064;districts;4137;"";140;140;61;140;52;Медынь;medyn;0;1;"";29225501000;0;1;"{""id"":4137,""parentId"":0,""regionId"":140,""name"":""Медынь"",""administrative"":0,""okato"":""29225501000"",""is_city"":1}";2026-07-01 16:19:46;2026-07-14 17:00:10
1065;districts;4139;"";140;140;61;140;52;Мещовск;meshchovsk;0;1;"";29227501000;0;1;"{""id"":4139,""parentId"":0,""regionId"":140,""name"":""Мещовск"",""administrative"":0,""okato"":""29227501000"",""is_city"":1}";2026-07-01 16:19:46;2026-07-14 17:00:10
1066;districts;4140;"";140;140;61;140;52;Мосальск;mosalsk;0;1;"";29229501000;0;1;"{""id"":4140,""parentId"":0,""regionId"":140,""name"":""Мосальск"",""administrative"":0,""okato"":""29229501000"",""is_city"":1}";2026-07-01 16:19:46;2026-07-14 17:00:10
1067;districts;4143;"";142;142;63;142;54;Салаир;salair;0;1;"";32413504000;0;1;"{""id"":4143,""parentId"":0,""regionId"":142,""name"":""Салаир"",""administrative"":0,""okato"":""32413504000"",""is_city"":1}";2026-07-01 16:19:46;2026-07-14 17:00:10
1068;districts;4156;"";143;143;64;143;55;Орлов;orlov;0;1;"";33245501000;0;1;"{""id"":4156,""parentId"":0,""regionId"":143,""name"":""Орлов"",""administrative"":0,""okato"":""33245501000"",""is_city"":1}";2026-07-01 16:19:46;2026-07-14 17:00:10
1069;districts;4157;"";143;143;64;143;55;Малмыж;malmyzh;0;1;"";33223501000;0;1;"{""id"":4157,""parentId"":0,""regionId"":143,""name"":""Малмыж"",""administrative"":0,""okato"":""33223501000"",""is_city"":1}";2026-07-01 16:19:46;2026-07-14 17:00:10
1070;districts;4158;"";143;143;64;143;55;Мураши;murashi;0;1;"";33224501000;0;1;"{""id"":4158,""parentId"":0,""regionId"":143,""name"":""Мураши"",""administrative"":0,""okato"":""33224501000"",""is_city"":1}";2026-07-01 16:19:46;2026-07-14 17:00:10
1071;districts;4159;"";144;144;65;144;56;Чухлома;chukhloma;0;1;"";34246501000;0;1;"{""id"":4159,""parentId"":0,""regionId"":144,""name"":""Чухлома"",""administrative"":0,""okato"":""34246501000"",""is_city"":1}";2026-07-01 16:19:46;2026-07-14 17:00:10
1072;districts;4162;"";146;146;67;146;58;Фатеж;fatezh;0;1;"";38244501000;0;1;"{""id"":4162,""parentId"":0,""regionId"":146,""name"":""Фатеж"",""administrative"":0,""okato"":""38244501000"",""is_city"":1}";2026-07-01 16:19:46;2026-07-14 17:00:10
1073;districts;4163;"";146;146;67;146;58;Суджа;sudzha;0;1;"";38240501000;0;1;"{""id"":4163,""parentId"":0,""regionId"":146,""name"":""Суджа"",""administrative"":0,""okato"":""38240501000"",""is_city"":1}";2026-07-01 16:19:46;2026-07-14 17:00:10
1074;districts;4177;"";159;159;75;159;66;Чердынь;cherdyn;0;1;"";57256501000;0;1;"{""id"":4177,""parentId"":0,""regionId"":159,""name"":""Чердынь"",""administrative"":0,""okato"":""57256501000"",""is_city"":1}";2026-07-01 16:19:46;2026-07-14 17:00:10
1075;districts;4178;"";159;159;75;159;66;Оханск;okhansk;0;1;"";57242501000;0;1;"{""id"":4178,""parentId"":0,""regionId"":159,""name"":""Оханск"",""administrative"":0,""okato"":""57242501000"",""is_city"":1}";2026-07-01 16:19:46;2026-07-14 17:00:10
1076;districts;4179;"";159;159;75;159;66;Чермоз;chermoz;0;1;"";57220504000;0;1;"{""id"":4179,""parentId"":0,""regionId"":159,""name"":""Чермоз"",""administrative"":0,""okato"":""57220504000"",""is_city"":1}";2026-07-01 16:19:46;2026-07-14 17:00:10
1077;districts;4180;"";159;159;75;159;66;Усолье;usole;0;1;"";57253501000;0;1;"{""id"":4180,""parentId"":0,""regionId"":159,""name"":""Усолье"",""administrative"":0,""okato"":""57253501000"",""is_city"":1}";2026-07-01 16:19:46;2026-07-14 17:00:10
1078;districts;4181;"";160;160;76;160;67;Новосокольники;novosokolniki;0;1;"";58226501000;0;1;"{""id"":4181,""parentId"":0,""regionId"":160,""name"":""Новосокольники"",""administrative"":0,""okato"":""58226501000"",""is_city"":1}";2026-07-01 16:19:46;2026-07-14 17:00:10
1079;districts;4186;"";160;160;76;160;67;Гдов;gdov;0;1;"";58208501000;0;1;"{""id"":4186,""parentId"":0,""regionId"":160,""name"":""Гдов"",""administrative"":0,""okato"":""58208501000"",""is_city"":1}";2026-07-01 16:19:46;2026-07-14 17:00:10
1080;districts;4187;"";160;160;76;160;67;Себеж;sebezh;0;1;"";58254501000;0;1;"{""id"":4187,""parentId"":0,""regionId"":160,""name"":""Себеж"",""administrative"":0,""okato"":""58254501000"",""is_city"":1}";2026-07-01 16:19:46;2026-07-14 17:00:10
1081;districts;4189;"";165;165;79;165;70;Курильск;kurilsk;0;1;"";64220501000;0;1;"{""id"":4189,""parentId"":0,""regionId"":165,""name"":""Курильск"",""administrative"":0,""okato"":""64220501000"",""is_city"":1}";2026-07-01 16:19:46;2026-07-14 17:00:10
1082;districts;4190;"";165;165;79;165;70;Томари;tomari;0;1;"";64248501000;0;1;"{""id"":4190,""parentId"":0,""regionId"":165,""name"":""Томари"",""administrative"":0,""okato"":""64248501000"",""is_city"":1}";2026-07-01 16:19:46;2026-07-14 17:00:10
1083;districts;4193;"";170;170;83;170;74;Кедровый;kedrovyy;0;1;"";69407000000;0;1;"{""id"":4193,""parentId"":0,""regionId"":170,""name"":""Кедровый"",""administrative"":0,""okato"":""69407000000"",""is_city"":1}";2026-07-01 16:19:46;2026-07-14 17:00:10
1084;districts;4194;"";171;171;84;171;75;Советск;sovetsk;0;1;"";70248504000;0;1;"{""id"":4194,""parentId"":0,""regionId"":171,""name"":""Советск"",""administrative"":0,""okato"":""70248504000"",""is_city"":1}";2026-07-01 16:19:46;2026-07-14 17:00:10
1085;districts;4197;"";173;173;86;173;77;Сенгилей;sengiley;0;1;"";73236501000;0;1;"{""id"":4197,""parentId"":0,""regionId"":173,""name"":""Сенгилей"",""administrative"":0,""okato"":""73236501000"",""is_city"":1}";2026-07-01 16:19:46;2026-07-14 17:00:10
1086;districts;4200;"";175;175;87;175;78;Сретенск;sretensk;0;1;"";76240501000;0;1;"{""id"":4200,""parentId"":0,""regionId"":175,""name"":""Сретенск"",""administrative"":0,""okato"":""76240501000"",""is_city"":1}";2026-07-01 16:19:46;2026-07-14 17:00:10
1087;districts;4201;"";176;176;88;176;79;Мышкин;myshkin;0;1;"";78221501000;0;1;"{""id"":4201,""parentId"":0,""regionId"":176,""name"":""Мышкин"",""administrative"":0,""okato"":""78221501000"",""is_city"":1}";2026-07-01 16:19:46;2026-07-14 17:00:10
1088;districts;4202;"";176;176;88;176;79;Пошехонье;poshekhone;0;1;"";78234501000;0;1;"{""id"":4202,""parentId"":0,""regionId"":176,""name"":""Пошехонье"",""administrative"":0,""okato"":""78234501000"",""is_city"":1}";2026-07-01 16:19:46;2026-07-14 17:00:10
1089;districts;4586;"";66;66;11;66;13;Лесной;lesnoy;0;1;"";65542000000;0;1;"{""id"":4586,""parentId"":0,""regionId"":66,""name"":""Лесной"",""administrative"":0,""okato"":""65542000000"",""is_city"":1}";2026-07-01 16:19:47;2026-07-14 17:00:10
1090;districts;4969;"";123;123;45;123;35;Ахтырский;akhtyrskiy;0;1;"";"03201553000";0;1;"{""id"":4969,""parentId"":0,""regionId"":123,""name"":""Ахтырский"",""administrative"":0,""okato"":""03201553000"",""is_city"":1}";2026-07-01 16:19:47;2026-07-14 17:00:10
1091;districts;4974;"";123;123;45;123;35;Ильский;ilskiy;0;1;"";"03243555000";0;1;"{""id"":4974,""parentId"":0,""regionId"":123,""name"":""Ильский"",""administrative"":0,""okato"":""03243555000"",""is_city"":1}";2026-07-01 16:19:47;2026-07-14 17:00:10
1092;districts;4985;"";123;123;45;123;35;Северская;severskaya;0;1;"";"03243813001";0;1;"{""id"":4985,""parentId"":0,""regionId"":123,""name"":""Северская"",""administrative"":0,""okato"":""03243813001"",""is_city"":1}";2026-07-01 16:19:47;2026-07-14 17:00:10
1093;districts;5849;"";2;2;1;2;3;Чишмы;chishmy;0;1;"";80257551000;0;1;"{""id"":5849,""parentId"":0,""regionId"":2,""name"":""Чишмы"",""administrative"":0,""okato"":""80257551000"",""is_city"":1}";2026-07-01 16:19:47;2026-07-14 17:00:10
1094;districts;10035;"";136;136;57;136;48;Воронеж-45;voronezh-45;0;1;"";20213551000;0;1;"{""id"":10035,""parentId"":0,""regionId"":136,""name"":""Воронеж-45"",""administrative"":0,""okato"":""20213551000"",""is_city"":1}";2026-07-01 16:19:47;2026-07-14 17:00:10
1095;districts;17442;"";146;146;67;146;58;Дмитриев;dmitriev;0;1;"";38208501000;0;1;"{""id"":17442,""parentId"":0,""regionId"":146,""name"":""Дмитриев"",""administrative"":0,""okato"":""38208501000"",""is_city"":1}";2026-07-01 16:19:47;2026-07-14 17:00:10
1096;districts;17502;"";47;47;4;47;6;Кудрово;kudrovo;0;1;"";41212503000;0;1;"{""id"":17502,""parentId"":0,""regionId"":47,""name"":""Кудрово"",""administrative"":0,""okato"":""41212503000"",""is_city"":1}";2026-07-01 16:19:47;2026-07-14 17:00:10
1097;districts;17569;"";172;172;85;172;76;Лабытнанги;labytnangi;0;1;"";71173000000;0;1;"{""id"":17569,""parentId"":0,""regionId"":172,""name"":""Лабытнанги"",""administrative"":0,""okato"":""71173000000"",""is_city"":1}";2026-07-01 16:19:47;2026-07-14 17:00:10
1098;districts;17570;"";12;12;35;12;25;Волжск;volzhsk;0;1;"";88405000000;0;1;"{""id"":17570,""parentId"":0,""regionId"":12,""name"":""Волжск"",""administrative"":0,""okato"":""88405000000"",""is_city"":1}";2026-07-01 16:19:47;2026-07-14 17:00:10
1099;districts;17619;"";149;149;69;149;60;Ола;ola;0;1;"";44201551000;0;1;"{""id"":17619,""parentId"":0,""regionId"":149,""name"":""Ола"",""administrative"":0,""okato"":""44201551000"",""is_city"":1}";2026-07-01 16:19:47;2026-07-14 17:00:10
1100;districts;17637;"";172;172;85;172;76;Новый Уренгой;novyy-urengoy;0;1;"";71176000000;0;1;"{""id"":17637,""parentId"":0,""regionId"":172,""name"":""Новый Уренгой"",""administrative"":0,""okato"":""71176000000"",""is_city"":1}";2026-07-01 16:19:47;2026-07-14 17:00:10
1101;districts;17638;"";172;172;85;172;76;Надым;nadym;0;1;"";71174000000;0;1;"{""id"":17638,""parentId"":0,""regionId"":172,""name"":""Надым"",""administrative"":0,""okato"":""71174000000"",""is_city"":1}";2026-07-01 16:19:47;2026-07-14 17:00:10
1102;districts;17639;"";172;172;85;172;76;Губкинский;gubkinskiy;0;1;"";71172000000;0;1;"{""id"":17639,""parentId"":0,""regionId"":172,""name"":""Губкинский"",""administrative"":0,""okato"":""71172000000"",""is_city"":1}";2026-07-01 16:19:47;2026-07-14 17:00:10
1103;districts;17640;"";172;172;85;172;76;Ноябрьск;noyabrsk;0;1;"";71178000000;0;1;"{""id"":17640,""parentId"":0,""regionId"":172,""name"":""Ноябрьск"",""administrative"":0,""okato"":""71178000000"",""is_city"":1}";2026-07-01 16:19:47;2026-07-14 17:00:10
1104;districts;17643;"";172;172;85;172;76;Муравленко;muravlenko;0;1;"";71175000000;0;1;"{""id"":17643,""parentId"":0,""regionId"":172,""name"":""Муравленко"",""administrative"":0,""okato"":""71175000000"",""is_city"":1}";2026-07-01 16:19:47;2026-07-14 17:00:10
1105;districts;17694;"";129;129;51;129;42;Нарьян-Мар;naryan-mar;0;1;"";11111000000;0;1;"{""id"":17694,""parentId"":0,""regionId"":129,""name"":""Нарьян-Мар"",""administrative"":0,""okato"":""11111000000"",""is_city"":1}";2026-07-01 16:19:47;2026-07-14 17:00:10
1106;districts;17990;"";165;165;79;165;70;Красногорск;krasnogorsk;0;1;"";64248000003;0;1;"{""id"":17990,""parentId"":0,""regionId"":165,""name"":""Красногорск"",""administrative"":0,""okato"":""64248000003"",""is_city"":1}";2026-07-01 16:19:47;2026-07-14 17:00:10
1107;districts;17998;"";165;165;79;165;70;Чехов;chehov;0;1;"";64254000010;0;1;"{""id"":17998,""parentId"":0,""regionId"":165,""name"":""Чехов"",""administrative"":0,""okato"":""64254000010"",""is_city"":1}";2026-07-01 16:19:47;2026-07-14 17:00:10
1108;districts;18233;"";151;151;70;151;61;Оленегорск-2;olenegorsk-2;0;1;"";47417000000;0;1;"{""id"":18233,""parentId"":0,""regionId"":151,""name"":""Оленегорск-2"",""administrative"":0,""okato"":""47417000000"",""is_city"":1}";2026-07-01 16:19:47;2026-07-14 17:00:10
1109;districts;20042;"";172;172;85;172;76;Югорск;yugorsk;0;1;"";71187000000;0;1;"{""id"":20042,""parentId"":0,""regionId"":172,""name"":""Югорск"",""administrative"":0,""okato"":""71187000000"",""is_city"":1}";2026-07-01 16:19:47;2026-07-14 17:00:10
1110;districts;20067;"";172;172;85;172;76;Нягань;nyagan;0;1;"";71139000000;0;1;"{""id"":20067,""parentId"":0,""regionId"":172,""name"":""Нягань"",""administrative"":0,""okato"":""71139000000"",""is_city"":1}";2026-07-01 16:19:47;2026-07-14 17:00:10
1111;districts;20345;"";153;153;71;153;62;Сольцы 2;soltsy-2;0;1;"";49238501000;0;1;"{""id"":20345,""parentId"":0,""regionId"":153,""name"":""Сольцы 2"",""administrative"":0,""okato"":""49238501000"",""is_city"":1}";2026-07-01 16:19:47;2026-07-14 17:00:10
1112;districts;20532;"";50;50;5;50;7;Сходня;skhodnya;0;1;"";46483000000;0;1;"{""id"":20532,""parentId"":0,""regionId"":50,""name"":""Сходня"",""administrative"":0,""okato"":""46483000000"",""is_city"":1}";2026-07-01 16:19:47;2026-07-14 17:00:10
1113;districts;20551;"";47;47;4;47;6;Мурино;murino;0;1;"";41212504000;0;1;"{""id"":20551,""parentId"":0,""regionId"":47,""name"":""Мурино"",""administrative"":0,""okato"":""41212504000"",""is_city"":1}";2026-07-01 16:19:47;2026-07-14 17:00:10
1114;districts;20554;"";172;172;85;172;76;Пойковский;poykovskiy;0;1;"";71118657000;0;1;"{""id"":20554,""parentId"":0,""regionId"":172,""name"":""Пойковский"",""administrative"":0,""okato"":""71118657000"",""is_city"":1}";2026-07-01 16:19:47;2026-07-14 17:00:10
1115;districts;20556;"";172;172;85;172;76;Когалым;kogalym;0;1;"";71183000000;0;1;"{""id"":20556,""parentId"":0,""regionId"":172,""name"":""Когалым"",""administrative"":0,""okato"":""71183000000"",""is_city"":1}";2026-07-01 16:19:47;2026-07-14 17:00:10
1116;districts;20558;"";172;172;85;172;76;Лангепас;langepas;0;1;"";71132000000;0;1;"{""id"":20558,""parentId"":0,""regionId"":172,""name"":""Лангепас"",""administrative"":0,""okato"":""71132000000"",""is_city"":1}";2026-07-01 16:19:47;2026-07-14 17:00:11
1117;districts;20603;"";172;172;85;172;76;Лянтор;lyantor;0;1;"";71126605000;0;1;"{""id"":20603,""parentId"":0,""regionId"":172,""name"":""Лянтор"",""administrative"":0,""okato"":""71126605000"",""is_city"":1}";2026-07-01 16:19:47;2026-07-14 17:00:11
1118;districts;20605;"";172;172;85;172;76;Мегион;megion;0;1;"";71133000000;0;1;"{""id"":20605,""parentId"":0,""regionId"":172,""name"":""Мегион"",""administrative"":0,""okato"":""71133000000"",""is_city"":1}";2026-07-01 16:19:47;2026-07-14 17:00:11
1119;districts;20619;"";172;172;85;172;76;Пыть-Ях;pyt_yah;0;1;"";71185000000;0;1;"{""id"":20619,""parentId"":0,""regionId"":172,""name"":""Пыть-Ях"",""administrative"":0,""okato"":""71185000000"",""is_city"":1}";2026-07-01 16:19:47;2026-07-14 17:00:11
1120;districts;20620;"";172;172;85;172;76;Радужный;hanty_mansijsk_raduzhnyj;0;1;"";71137000000;0;1;"{""id"":20620,""parentId"":0,""regionId"":172,""name"":""Радужный"",""administrative"":0,""okato"":""71137000000"",""is_city"":1}";2026-07-01 16:19:47;2026-07-14 17:00:11
1121;districts;20629;"";172;172;85;172;76;Урай;uraj;0;1;"";71138000000;0;1;"{""id"":20629,""parentId"":0,""regionId"":172,""name"":""Урай"",""administrative"":0,""okato"":""71138000000"",""is_city"":1}";2026-07-01 16:19:47;2026-07-14 17:00:11
1122;districts;21270;"";172;172;85;172;76;Советский;sovetskiy;0;1;"";Мутный;0;1;"{""id"":21270,""parentId"":0,""regionId"":172,""name"":""Советский"",""administrative"":0,""okato"":""Мутный"",""is_city"":1}";2026-07-01 16:19:47;2026-07-14 17:00:11
1123;districts;21278;"";106;106;29;106;19;Сунжа;sunzha;0;1;"";26230835001;0;1;"{""id"":21278,""parentId"":0,""regionId"":106,""name"":""Сунжа"",""administrative"":0,""okato"":""26230835001"",""is_city"":1}";2026-07-01 16:19:47;2026-07-14 17:00:11
1124;districts;27869;"";77;77;13;77;1;Московский;moskovskij;0;1;"";45297565000;0;1;"{""id"":27869,""parentId"":0,""regionId"":77,""name"":""Московский"",""administrative"":0,""okato"":""45297565000"",""is_city"":1}";2026-07-01 16:19:47;2026-07-14 17:00:11
1125;districts;32021;"";124;124;46;124;37;Восточный;vostochnyy;0;1;"";"04257806000";0;1;"{""id"":32021,""parentId"":0,""regionId"":124,""name"":""Восточный"",""administrative"":0,""okato"":""04257806000"",""is_city"":1}";2026-07-01 16:19:47;2026-07-14 17:00:11
1126;districts;34817;"";50;50;5;50;7;Белоозёрский;beloozerskiy;0;1;"";46410506000;0;1;"{""id"":34817,""parentId"":0,""regionId"":50,""name"":""Белоозёрский"",""administrative"":0,""okato"":""46410506000"",""is_city"":1}";2026-07-01 16:19:47;2026-07-14 17:00:11
1127;districts;38310;"";157;157;73;157;64;Дмитровск;dmitrovsk;0;1;"";54212501000;0;1;"{""id"":38310,""parentId"":0,""regionId"":157,""name"":""Дмитровск"",""administrative"":0,""okato"":""54212501000"",""is_city"":1}";2026-07-01 16:19:47;2026-07-14 17:00:11
